<?xml version="1.0" encoding="UTF-8"?><CodeSystem xmlns="http://hl7.org/fhir"><id value="EspecialidadeCodeSystem"/><text><status value="generated"/><div xmlns="http://www.w3.org/1999/xhtml"><p class="res-header-id"><b>Generated Narrative: CodeSystem EspecialidadeCodeSystem</b></p><a name="EspecialidadeCodeSystem"> </a><a name="hcEspecialidadeCodeSystem"> </a><a name="EspecialidadeCodeSystem-en-US"> </a><p>This case-insensitive code system <code>http://ehrruner.com/fhir/StructureDefinition/CodeSystem/Especialidade</code> defines the following codes:</p><table class="codes"><tr><td style="white-space:nowrap"><b>Code</b></td><td><b>Display</b></td></tr><tr><td style="white-space:nowrap">1<a name="EspecialidadeCodeSystem-1"> </a></td><td>Acupuntura</td></tr><tr><td style="white-space:nowrap">2<a name="EspecialidadeCodeSystem-2"> </a></td><td>Alergia e imunologia</td></tr><tr><td style="white-space:nowrap">3<a name="EspecialidadeCodeSystem-3"> </a></td><td>Anestesiologia</td></tr><tr><td style="white-space:nowrap">4<a name="EspecialidadeCodeSystem-4"> </a></td><td>Angiologia</td></tr><tr><td style="white-space:nowrap">5<a name="EspecialidadeCodeSystem-5"> </a></td><td>Cardiologia</td></tr><tr><td style="white-space:nowrap">6<a name="EspecialidadeCodeSystem-6"> </a></td><td>Cirurgia cardiovascular</td></tr><tr><td style="white-space:nowrap">7<a name="EspecialidadeCodeSystem-7"> </a></td><td>Cirurgia da mão</td></tr><tr><td style="white-space:nowrap">8<a name="EspecialidadeCodeSystem-8"> </a></td><td>Cirurgia de cabeça e pescoço</td></tr><tr><td style="white-space:nowrap">9<a name="EspecialidadeCodeSystem-9"> </a></td><td>Cirurgia do aparelho digestivo</td></tr><tr><td style="white-space:nowrap">10<a name="EspecialidadeCodeSystem-10"> </a></td><td>Cirurgia geral</td></tr><tr><td style="white-space:nowrap">11<a name="EspecialidadeCodeSystem-11"> </a></td><td>Cirurgia oncológica</td></tr><tr><td style="white-space:nowrap">12<a name="EspecialidadeCodeSystem-12"> </a></td><td>Cirurgia pediátrica</td></tr><tr><td style="white-space:nowrap">13<a name="EspecialidadeCodeSystem-13"> </a></td><td>Cirurgia plástica</td></tr><tr><td style="white-space:nowrap">14<a name="EspecialidadeCodeSystem-14"> </a></td><td>Cirurgia torácica</td></tr><tr><td style="white-space:nowrap">15<a name="EspecialidadeCodeSystem-15"> </a></td><td>Cirurgia vascular</td></tr><tr><td style="white-space:nowrap">16<a name="EspecialidadeCodeSystem-16"> </a></td><td>Clínica médica</td></tr><tr><td style="white-space:nowrap">17<a name="EspecialidadeCodeSystem-17"> </a></td><td>Coloproctologia</td></tr><tr><td style="white-space:nowrap">18<a name="EspecialidadeCodeSystem-18"> </a></td><td>Dermatologia</td></tr><tr><td style="white-space:nowrap">19<a name="EspecialidadeCodeSystem-19"> </a></td><td>Endocrinologia e metabologia</td></tr><tr><td style="white-space:nowrap">20<a name="EspecialidadeCodeSystem-20"> </a></td><td>Endoscopia</td></tr><tr><td style="white-space:nowrap">21<a name="EspecialidadeCodeSystem-21"> </a></td><td>Gastroenterologia</td></tr><tr><td style="white-space:nowrap">22<a name="EspecialidadeCodeSystem-22"> </a></td><td>Genética médica</td></tr><tr><td style="white-space:nowrap">23<a name="EspecialidadeCodeSystem-23"> </a></td><td>Geriatria</td></tr><tr><td style="white-space:nowrap">24<a name="EspecialidadeCodeSystem-24"> </a></td><td>Ginecologia e obstetrícia</td></tr><tr><td style="white-space:nowrap">25<a name="EspecialidadeCodeSystem-25"> </a></td><td>Hematologia e hemoterapia</td></tr><tr><td style="white-space:nowrap">26<a name="EspecialidadeCodeSystem-26"> </a></td><td>Homeopatia</td></tr><tr><td style="white-space:nowrap">27<a name="EspecialidadeCodeSystem-27"> </a></td><td>Infectologia</td></tr><tr><td style="white-space:nowrap">28<a name="EspecialidadeCodeSystem-28"> </a></td><td>Mastologia</td></tr><tr><td style="white-space:nowrap">29<a name="EspecialidadeCodeSystem-29"> </a></td><td>Medicina de emergência</td></tr><tr><td style="white-space:nowrap">30<a name="EspecialidadeCodeSystem-30"> </a></td><td>Medicina de família e comunidade</td></tr><tr><td style="white-space:nowrap">31<a name="EspecialidadeCodeSystem-31"> </a></td><td>Medicina do trabalho</td></tr><tr><td style="white-space:nowrap">32<a name="EspecialidadeCodeSystem-32"> </a></td><td>Medicina de tráfego</td></tr><tr><td style="white-space:nowrap">33<a name="EspecialidadeCodeSystem-33"> </a></td><td>Medicina esportiva</td></tr><tr><td style="white-space:nowrap">34<a name="EspecialidadeCodeSystem-34"> </a></td><td>Medicina física e reabilitação</td></tr><tr><td style="white-space:nowrap">35<a name="EspecialidadeCodeSystem-35"> </a></td><td>Medicina intensiva</td></tr><tr><td style="white-space:nowrap">36<a name="EspecialidadeCodeSystem-36"> </a></td><td>Medicina legal e perícia médica</td></tr><tr><td style="white-space:nowrap">37<a name="EspecialidadeCodeSystem-37"> </a></td><td>Medicina nuclear</td></tr><tr><td style="white-space:nowrap">38<a name="EspecialidadeCodeSystem-38"> </a></td><td>Medicina preventiva e social</td></tr><tr><td style="white-space:nowrap">39<a name="EspecialidadeCodeSystem-39"> </a></td><td>Nefrologia</td></tr><tr><td style="white-space:nowrap">40<a name="EspecialidadeCodeSystem-40"> </a></td><td>Neurocirurgia</td></tr><tr><td style="white-space:nowrap">41<a name="EspecialidadeCodeSystem-41"> </a></td><td>Neurologia</td></tr><tr><td style="white-space:nowrap">42<a name="EspecialidadeCodeSystem-42"> </a></td><td>Nutrologia</td></tr><tr><td style="white-space:nowrap">43<a name="EspecialidadeCodeSystem-43"> </a></td><td>Oftalmologia</td></tr><tr><td style="white-space:nowrap">44<a name="EspecialidadeCodeSystem-44"> </a></td><td>Oncologia clínica</td></tr><tr><td style="white-space:nowrap">45<a name="EspecialidadeCodeSystem-45"> </a></td><td>Ortopedia e traumatologia</td></tr><tr><td style="white-space:nowrap">46<a name="EspecialidadeCodeSystem-46"> </a></td><td>Otorrinolaringologia</td></tr><tr><td style="white-space:nowrap">47<a name="EspecialidadeCodeSystem-47"> </a></td><td>Patologia</td></tr><tr><td style="white-space:nowrap">48<a name="EspecialidadeCodeSystem-48"> </a></td><td>Patologia clínica/medicina laboratorial</td></tr><tr><td style="white-space:nowrap">49<a name="EspecialidadeCodeSystem-49"> </a></td><td>Pediatria</td></tr><tr><td style="white-space:nowrap">50<a name="EspecialidadeCodeSystem-50"> </a></td><td>Pneumologia</td></tr><tr><td style="white-space:nowrap">51<a name="EspecialidadeCodeSystem-51"> </a></td><td>Psiquiatria</td></tr><tr><td style="white-space:nowrap">52<a name="EspecialidadeCodeSystem-52"> </a></td><td>Radiologia e diagnóstico por imagem</td></tr><tr><td style="white-space:nowrap">53<a name="EspecialidadeCodeSystem-53"> </a></td><td>Radioterapia</td></tr><tr><td style="white-space:nowrap">54<a name="EspecialidadeCodeSystem-54"> </a></td><td>Reumatologia</td></tr><tr><td style="white-space:nowrap">55<a name="EspecialidadeCodeSystem-55"> </a></td><td>Urologia</td></tr></table></div></text><url value="http://ehrruner.com/fhir/StructureDefinition/CodeSystem/Especialidade"/><version value="1.0.0"/><name value="Especialidade"/><title value="Especialidade"/><status value="draft"/><date value="2023-11-04T17:46:04.4163856+00:00"/><publisher value="CBIS Publisher"/><contact><telecom><system value="email"/></telecom></contact><description value="Especialidade médica (Resolução CFM n. 2.330/2023)"/><caseSensitive value="false"/><compositional value="false"/><versionNeeded value="false"/><content value="complete"/><count value="55"/><concept><code value="1"/><display value="Acupuntura"/></concept><concept><code value="2"/><display value="Alergia e imunologia"/></concept><concept><code value="3"/><display value="Anestesiologia"/></concept><concept><code value="4"/><display value="Angiologia"/></concept><concept><code value="5"/><display value="Cardiologia"/></concept><concept><code value="6"/><display value="Cirurgia cardiovascular"/></concept><concept><code value="7"/><display value="Cirurgia da mão"/></concept><concept><code value="8"/><display value="Cirurgia de cabeça e pescoço"/></concept><concept><code value="9"/><display value="Cirurgia do aparelho digestivo"/></concept><concept><code value="10"/><display value="Cirurgia geral"/></concept><concept><code value="11"/><display value="Cirurgia oncológica"/></concept><concept><code value="12"/><display value="Cirurgia pediátrica"/></concept><concept><code value="13"/><display value="Cirurgia plástica"/></concept><concept><code value="14"/><display value="Cirurgia torácica"/></concept><concept><code value="15"/><display value="Cirurgia vascular"/></concept><concept><code value="16"/><display value="Clínica médica"/></concept><concept><code value="17"/><display value="Coloproctologia"/></concept><concept><code value="18"/><display value="Dermatologia"/></concept><concept><code value="19"/><display value="Endocrinologia e metabologia"/></concept><concept><code value="20"/><display value="Endoscopia"/></concept><concept><code value="21"/><display value="Gastroenterologia"/></concept><concept><code value="22"/><display value="Genética médica"/></concept><concept><code value="23"/><display value="Geriatria"/></concept><concept><code value="24"/><display value="Ginecologia e obstetrícia"/></concept><concept><code value="25"/><display value="Hematologia e hemoterapia"/></concept><concept><code value="26"/><display value="Homeopatia"/></concept><concept><code value="27"/><display value="Infectologia"/></concept><concept><code value="28"/><display value="Mastologia"/></concept><concept><code value="29"/><display value="Medicina de emergência"/></concept><concept><code value="30"/><display value="Medicina de família e comunidade"/></concept><concept><code value="31"/><display value="Medicina do trabalho"/></concept><concept><code value="32"/><display value="Medicina de tráfego"/></concept><concept><code value="33"/><display value="Medicina esportiva"/></concept><concept><code value="34"/><display value="Medicina física e reabilitação"/></concept><concept><code value="35"/><display value="Medicina intensiva"/></concept><concept><code value="36"/><display value="Medicina legal e perícia médica"/></concept><concept><code value="37"/><display value="Medicina nuclear"/></concept><concept><code value="38"/><display value="Medicina preventiva e social"/></concept><concept><code value="39"/><display value="Nefrologia"/></concept><concept><code value="40"/><display value="Neurocirurgia"/></concept><concept><code value="41"/><display value="Neurologia"/></concept><concept><code value="42"/><display value="Nutrologia"/></concept><concept><code value="43"/><display value="Oftalmologia"/></concept><concept><code value="44"/><display value="Oncologia clínica"/></concept><concept><code value="45"/><display value="Ortopedia e traumatologia"/></concept><concept><code value="46"/><display value="Otorrinolaringologia"/></concept><concept><code value="47"/><display value="Patologia"/></concept><concept><code value="48"/><display value="Patologia clínica/medicina laboratorial"/></concept><concept><code value="49"/><display value="Pediatria"/></concept><concept><code value="50"/><display value="Pneumologia"/></concept><concept><code value="51"/><display value="Psiquiatria"/></concept><concept><code value="52"/><display value="Radiologia e diagnóstico por imagem"/></concept><concept><code value="53"/><display value="Radioterapia"/></concept><concept><code value="54"/><display value="Reumatologia"/></concept><concept><code value="55"/><display value="Urologia"/></concept></CodeSystem>