<?xml version="1.0" encoding="UTF-8"?><CodeSystem xmlns="http://hl7.org/fhir"><id value="ServiceRequestCategory"/><text><status value="generated"/><div xmlns="http://www.w3.org/1999/xhtml"><p class="res-header-id"><b>Generated Narrative: CodeSystem ServiceRequestCategory</b></p><a name="ServiceRequestCategory"> </a><a name="hcServiceRequestCategory"> </a><a name="ServiceRequestCategory-en-US"> </a><p>This case-insensitive code system <code>http://ehrrunner.com/fhir/CodeSystem/ServiceRequestCategory</code> defines the following codes:</p><table class="codes"><tr><td style="white-space:nowrap"><b>Code</b></td><td><b>Display</b></td></tr><tr><td style="white-space:nowrap">SADT<a name="ServiceRequestCategory-SADT"> </a></td><td>Serviço Auxiliar de Diagnóstico ou Terapia</td></tr><tr><td style="white-space:nowrap">Referral<a name="ServiceRequestCategory-Referral"> </a></td><td>Referência (atenção especializada)</td></tr></table></div></text><url value="http://ehrrunner.com/fhir/CodeSystem/ServiceRequestCategory"/><version value="1.0.0"/><name value="ServiceRequestCategory"/><title value="ServiceRequestCategory"/><status value="draft"/><date value="2023-11-04T17:46:04.4163856+00:00"/><publisher value="CBIS Publisher"/><contact><telecom><system value="email"/></telecom></contact><description value="Categorias utilizadas nos perfis do recurso ServiceRequest"/><caseSensitive value="false"/><valueSet value="http://ehrrunner.com/fhir/ValueSet/ServiceRequestCategory"/><compositional value="false"/><versionNeeded value="false"/><content value="complete"/><count value="2"/><concept><code value="SADT"/><display value="Serviço Auxiliar de Diagnóstico ou Terapia"/></concept><concept><code value="Referral"/><display value="Referência (atenção especializada)"/></concept></CodeSystem>