<?xml version="1.0" encoding="UTF-8"?><CodeSystem xmlns="http://hl7.org/fhir"><id value="EventSummaryTypeCodeSystem"/><text><status value="generated"/><div xmlns="http://www.w3.org/1999/xhtml"><p class="res-header-id"><b>Generated Narrative: CodeSystem EventSummaryTypeCodeSystem</b></p><a name="EventSummaryTypeCodeSystem"> </a><a name="hcEventSummaryTypeCodeSystem"> </a><a name="EventSummaryTypeCodeSystem-en-US"> </a><p>This case-insensitive code system <code>http://ehrrunner.com/fhir/CodeSystem/EventSummaryType</code> defines the following codes:</p><table class="codes"><tr><td style="white-space:nowrap"><b>Code</b></td><td><b>Display</b></td></tr><tr><td style="white-space:nowrap">RAC<a name="EventSummaryTypeCodeSystem-RAC"> </a></td><td>Registro de Atendimento Clínico</td></tr><tr><td style="white-space:nowrap">SA<a name="EventSummaryTypeCodeSystem-SA"> </a></td><td>Sumário de Alta</td></tr><tr><td style="white-space:nowrap">SPA<a name="EventSummaryTypeCodeSystem-SPA"> </a></td><td>Sumário de Pronto Atendimento</td></tr><tr><td style="white-space:nowrap">REL<a name="EventSummaryTypeCodeSystem-REL"> </a></td><td>Resultado de Exame Laboratorial</td></tr><tr><td style="white-space:nowrap">REI<a name="EventSummaryTypeCodeSystem-REI"> </a></td><td>Resultado de Exame de Imagem</td></tr><tr><td style="white-space:nowrap">RPM<a name="EventSummaryTypeCodeSystem-RPM"> </a></td><td>Registro de Prescrição de Medicamento</td></tr><tr><td style="white-space:nowrap">RDM<a name="EventSummaryTypeCodeSystem-RDM"> </a></td><td>Registro de Dispensação de Medicamento</td></tr><tr><td style="white-space:nowrap">RIA<a name="EventSummaryTypeCodeSystem-RIA"> </a></td><td>Registro de Imunobiológico Administrado</td></tr><tr><td style="white-space:nowrap">RRA<a name="EventSummaryTypeCodeSystem-RRA"> </a></td><td>Registro de Regulação Assistencial</td></tr><tr><td style="white-space:nowrap">NVE<a name="EventSummaryTypeCodeSystem-NVE"> </a></td><td>Notificação da Vigilância Epidemiológica</td></tr></table></div></text><url value="http://ehrrunner.com/fhir/CodeSystem/EventSummaryType"/><version value="1.0.0"/><name value="EventSummaryType"/><title value="EventSummaryType"/><status value="draft"/><date value="2023-11-04T17:46:04.4163856+00:00"/><publisher value="CBIS Publisher"/><contact><telecom><system value="email"/></telecom></contact><description value="Tipos de estruturas usadas para construir um registro eletrônico de saúde do tipo &quot;sumário de evento ou contato assistencial&quot;"/><caseSensitive value="false"/><valueSet value="http://ehrrunner.com/fhir/ValueSet/EventSummaryType"/><compositional value="false"/><versionNeeded value="false"/><content value="complete"/><count value="10"/><concept><code value="RAC"/><display value="Registro de Atendimento Clínico"/></concept><concept><code value="SA"/><display value="Sumário de Alta"/></concept><concept><code value="SPA"/><display value="Sumário de Pronto Atendimento"/></concept><concept><code value="REL"/><display value="Resultado de Exame Laboratorial"/></concept><concept><code value="REI"/><display value="Resultado de Exame de Imagem"/></concept><concept><code value="RPM"/><display value="Registro de Prescrição de Medicamento"/></concept><concept><code value="RDM"/><display value="Registro de Dispensação de Medicamento"/></concept><concept><code value="RIA"/><display value="Registro de Imunobiológico Administrado"/></concept><concept><code value="RRA"/><display value="Registro de Regulação Assistencial"/></concept><concept><code value="NVE"/><display value="Notificação da Vigilância Epidemiológica"/></concept></CodeSystem>