<?xml version="1.0" encoding="UTF-8"?><CodeSystem xmlns="http://hl7.org/fhir"><id value="NivelFederacaoCodeSystem"/><text><status value="generated"/><div xmlns="http://www.w3.org/1999/xhtml"><p class="res-header-id"><b>Generated Narrative: CodeSystem NivelFederacaoCodeSystem</b></p><a name="NivelFederacaoCodeSystem"> </a><a name="hcNivelFederacaoCodeSystem"> </a><a name="NivelFederacaoCodeSystem-en-US"> </a><p>This case-insensitive code system <code>http://ehrruner.com/fhir/StructureDefinition/CodeSystem/NivelFederacao</code> defines the following codes:</p><table class="codes"><tr><td style="white-space:nowrap"><b>Code</b></td><td><b>Display</b></td></tr><tr><td style="white-space:nowrap">Organizacao<a name="NivelFederacaoCodeSystem-Organizacao"> </a></td><td>Todos os profissionais de saúde da organização podem federar</td></tr><tr><td style="white-space:nowrap">Individuo<a name="NivelFederacaoCodeSystem-Individuo"> </a></td><td>Apenas o profissional de saúde pode federar</td></tr></table></div></text><url value="http://ehrruner.com/fhir/StructureDefinition/CodeSystem/NivelFederacao"/><version value="1.0.0"/><name value="NivelFederacao"/><title value="Nível da Federação"/><status value="draft"/><date value="2023-11-04T17:46:04.4163856+00:00"/><publisher value="CBIS Publisher"/><contact><telecom><system value="email"/></telecom></contact><description value="Tipo de federação suportada para um PractitionerRole"/><caseSensitive value="false"/><valueSet value="http://ehrruner.com/fhir/StructureDefinition/ValueSet/NivelFederacao"/><compositional value="false"/><versionNeeded value="false"/><content value="complete"/><count value="2"/><concept><code value="Organizacao"/><display value="Todos os profissionais de saúde da organização podem federar"/></concept><concept><code value="Individuo"/><display value="Apenas o profissional de saúde pode federar"/></concept></CodeSystem>