<?xml version="1.0" encoding="UTF-8"?><ValueSet xmlns="http://hl7.org/fhir"><id value="BRMunicipioValuesetV1.0"/><language value="pt-BR"/><text><status value="generated"/><div xmlns="http://www.w3.org/1999/xhtml" xml:lang="pt-BR" lang="pt-BR"><p class="res-header-id"><b>Generated Narrative: ValueSet BRMunicipioValuesetV1.0</b></p><a name="BRMunicipioValuesetV1.0"> </a><a name="hcBRMunicipioValuesetV1.0"> </a><a name="BRMunicipioValuesetV1.0-en-US"> </a><div style="display: inline-block; background-color: #d9e0e7; padding: 6px; margin: 4px; border: 1px solid #8da1b4; border-radius: 5px; line-height: 60%"><p style="margin-bottom: 0px">Language: pt-BR</p></div><ul><li>Include codes from<code>http://www.saude.gov.br/fhir/r4/CodeSystem/BRDivisaoGeograficaBrasil</code> where type  = city</li></ul></div></text><url value="http://br-ipes.com/fhir/ValueSet/BRMunicipioValuesetV1.0"/><version value="1.0.0"/><name value="BRMunicipio"/><title value="Município"/><status value="active"/><experimental value="false"/><date value="2020-03-11T19:17:52.0302375+00:00"/><publisher value="CBIS Publisher"/><description value="Municípios brasileiros, entes subnacionais."/><immutable value="false"/><compose><include><system value="http://www.saude.gov.br/fhir/r4/CodeSystem/BRDivisaoGeograficaBrasil"/><version value="*"/><filter><property value="type"/><op value="="/><value value="city"/></filter></include></compose></ValueSet>