<?xml version="1.0" encoding="UTF-8"?><ValueSet xmlns="http://hl7.org/fhir"><id value="EspecialidadeValueset"/><text><status value="generated"/><div xmlns="http://www.w3.org/1999/xhtml"><p class="res-header-id"><b>Generated Narrative: ValueSet EspecialidadeValueset</b></p><a name="EspecialidadeValueset"> </a><a name="hcEspecialidadeValueset"> </a><a name="EspecialidadeValueset-en-US"> </a><ul><li>Include all codes defined in <code>http://br-ipes.com/fhir/StructureDefinition/CodeSystem/Especialidade</code></li></ul></div></text><url value="http://br-ipes.com/fhir/ValueSet/EspecialidadeValueset"/><version value="1.0.0"/><name value="Especialidade"/><title value="Especialidade"/><status value="draft"/><date value="2023-11-04T17:46:04.4163856+00:00"/><publisher value="CBIS Publisher"/><contact><telecom><system value="email"/></telecom></contact><description value="Especialidade médica (Resolução CFM n. 2.330/2023)"/><compose><include><system value="http://br-ipes.com/fhir/StructureDefinition/CodeSystem/Especialidade"/></include></compose></ValueSet>