<?xml version="1.0" encoding="UTF-8"?>

<CodeSystem xmlns="http://hl7.org/fhir">
  <id value="AreaAtuacaoCodeSystem"/>
  <text>
    <status value="generated"/><div xmlns="http://www.w3.org/1999/xhtml"><p class="res-header-id"><b>Generated Narrative: CodeSystem AreaAtuacaoCodeSystem</b></p><a name="AreaAtuacaoCodeSystem"> </a><a name="hcAreaAtuacaoCodeSystem"> </a><a name="AreaAtuacaoCodeSystem-en-US"> </a><p>This case-insensitive code system <code>http://ehrruner.com/fhir/CodeSystem/AreaAtuacao</code> defines the following codes:</p><table class="codes"><tr><td style="white-space:nowrap"><b>Code</b></td><td><b>Display</b></td></tr><tr><td style="white-space:nowrap">1<a name="AreaAtuacaoCodeSystem-1"> </a></td><td>Administração em saúde</td></tr><tr><td style="white-space:nowrap">2<a name="AreaAtuacaoCodeSystem-2"> </a></td><td>Alergia e imunologia pediátrica</td></tr><tr><td style="white-space:nowrap">3<a name="AreaAtuacaoCodeSystem-3"> </a></td><td>Angiorradiologia e cirurgia endovascular</td></tr><tr><td style="white-space:nowrap">4<a name="AreaAtuacaoCodeSystem-4"> </a></td><td>Atendimento ao queimado</td></tr><tr><td style="white-space:nowrap">5<a name="AreaAtuacaoCodeSystem-5"> </a></td><td>Auditoria médica</td></tr><tr><td style="white-space:nowrap">6<a name="AreaAtuacaoCodeSystem-6"> </a></td><td>Cardiologia pediátrica</td></tr><tr><td style="white-space:nowrap">7<a name="AreaAtuacaoCodeSystem-7"> </a></td><td>Cirurgia bariátrica</td></tr><tr><td style="white-space:nowrap">8<a name="AreaAtuacaoCodeSystem-8"> </a></td><td>Cirurgia crânio-maxilo-facial</td></tr><tr><td style="white-space:nowrap">9<a name="AreaAtuacaoCodeSystem-9"> </a></td><td>Cirurgia do trauma</td></tr><tr><td style="white-space:nowrap">10<a name="AreaAtuacaoCodeSystem-10"> </a></td><td>Cirurgia videolaparoscópica</td></tr><tr><td style="white-space:nowrap">11<a name="AreaAtuacaoCodeSystem-11"> </a></td><td>Citopatologia</td></tr><tr><td style="white-space:nowrap">12<a name="AreaAtuacaoCodeSystem-12"> </a></td><td>Densitometria óssea</td></tr><tr><td style="white-space:nowrap">13<a name="AreaAtuacaoCodeSystem-13"> </a></td><td>Dor</td></tr><tr><td style="white-space:nowrap">14<a name="AreaAtuacaoCodeSystem-14"> </a></td><td>Ecocardiografia</td></tr><tr><td style="white-space:nowrap">15<a name="AreaAtuacaoCodeSystem-15"> </a></td><td>Ecografia vascular com doppler</td></tr><tr><td style="white-space:nowrap">16<a name="AreaAtuacaoCodeSystem-16"> </a></td><td>Eletrofisiologia clínica invasiva</td></tr><tr><td style="white-space:nowrap">17<a name="AreaAtuacaoCodeSystem-17"> </a></td><td>Emergência pediátrica</td></tr><tr><td style="white-space:nowrap">18<a name="AreaAtuacaoCodeSystem-18"> </a></td><td>Endocrinologia pediátrica</td></tr><tr><td style="white-space:nowrap">19<a name="AreaAtuacaoCodeSystem-19"> </a></td><td>Endoscopia digestiva</td></tr><tr><td style="white-space:nowrap">20<a name="AreaAtuacaoCodeSystem-20"> </a></td><td>Endoscopia ginecológica</td></tr><tr><td style="white-space:nowrap">21<a name="AreaAtuacaoCodeSystem-21"> </a></td><td>Endoscopia respiratória</td></tr><tr><td style="white-space:nowrap">22<a name="AreaAtuacaoCodeSystem-22"> </a></td><td>Ergometria</td></tr><tr><td style="white-space:nowrap">23<a name="AreaAtuacaoCodeSystem-23"> </a></td><td>Estimulação cardíaca eletrônica implantável</td></tr><tr><td style="white-space:nowrap">24<a name="AreaAtuacaoCodeSystem-24"> </a></td><td>Foniatria</td></tr><tr><td style="white-space:nowrap">25<a name="AreaAtuacaoCodeSystem-25"> </a></td><td>Gastroenterologia pediátrica</td></tr><tr><td style="white-space:nowrap">26<a name="AreaAtuacaoCodeSystem-26"> </a></td><td>Hansenologia</td></tr><tr><td style="white-space:nowrap">27<a name="AreaAtuacaoCodeSystem-27"> </a></td><td>Hematologia e hemoterapia pediátrica</td></tr><tr><td style="white-space:nowrap">28<a name="AreaAtuacaoCodeSystem-28"> </a></td><td>Hemodinâmica e cardiologia intervencionista</td></tr><tr><td style="white-space:nowrap">29<a name="AreaAtuacaoCodeSystem-29"> </a></td><td>Hepatologia</td></tr><tr><td style="white-space:nowrap">30<a name="AreaAtuacaoCodeSystem-30"> </a></td><td>Infectologia hospitalar</td></tr><tr><td style="white-space:nowrap">31<a name="AreaAtuacaoCodeSystem-31"> </a></td><td>Infectologia pediátrica</td></tr><tr><td style="white-space:nowrap">32<a name="AreaAtuacaoCodeSystem-32"> </a></td><td>Mamografia</td></tr><tr><td style="white-space:nowrap">33<a name="AreaAtuacaoCodeSystem-33"> </a></td><td>Medicina aeroespacial</td></tr><tr><td style="white-space:nowrap">34<a name="AreaAtuacaoCodeSystem-34"> </a></td><td>Medicina do adolescente</td></tr><tr><td style="white-space:nowrap">35<a name="AreaAtuacaoCodeSystem-35"> </a></td><td>Medicina do sono</td></tr><tr><td style="white-space:nowrap">36<a name="AreaAtuacaoCodeSystem-36"> </a></td><td>Medicina fetal</td></tr><tr><td style="white-space:nowrap">37<a name="AreaAtuacaoCodeSystem-37"> </a></td><td>Medicina intensiva pediátrica</td></tr><tr><td style="white-space:nowrap">38<a name="AreaAtuacaoCodeSystem-38"> </a></td><td>Medicina paliativa</td></tr><tr><td style="white-space:nowrap">39<a name="AreaAtuacaoCodeSystem-39"> </a></td><td>Medicina tropical</td></tr><tr><td style="white-space:nowrap">40<a name="AreaAtuacaoCodeSystem-40"> </a></td><td>Nefrologia pediátrica</td></tr><tr><td style="white-space:nowrap">41<a name="AreaAtuacaoCodeSystem-41"> </a></td><td>Neonatologia</td></tr><tr><td style="white-space:nowrap">42<a name="AreaAtuacaoCodeSystem-42"> </a></td><td>Neurofisiologia clínica</td></tr><tr><td style="white-space:nowrap">43<a name="AreaAtuacaoCodeSystem-43"> </a></td><td>Neurologia pediátrica</td></tr><tr><td style="white-space:nowrap">44<a name="AreaAtuacaoCodeSystem-44"> </a></td><td>Neurorradiologia</td></tr><tr><td style="white-space:nowrap">45<a name="AreaAtuacaoCodeSystem-45"> </a></td><td>Nutrição parenteral e enteral</td></tr><tr><td style="white-space:nowrap">46<a name="AreaAtuacaoCodeSystem-46"> </a></td><td>Nutrição parenteral e enteral pediátrica</td></tr><tr><td style="white-space:nowrap">47<a name="AreaAtuacaoCodeSystem-47"> </a></td><td>Nutrologia pediátrica</td></tr><tr><td style="white-space:nowrap">48<a name="AreaAtuacaoCodeSystem-48"> </a></td><td>Oncologia pediátrica</td></tr><tr><td style="white-space:nowrap">49<a name="AreaAtuacaoCodeSystem-49"> </a></td><td>Pneumologia pediátrica</td></tr><tr><td style="white-space:nowrap">50<a name="AreaAtuacaoCodeSystem-50"> </a></td><td>Psicogeriatria</td></tr><tr><td style="white-space:nowrap">51<a name="AreaAtuacaoCodeSystem-51"> </a></td><td>Psicoterapia</td></tr><tr><td style="white-space:nowrap">52<a name="AreaAtuacaoCodeSystem-52"> </a></td><td>Psiquiatria da infância e adolescência</td></tr><tr><td style="white-space:nowrap">53<a name="AreaAtuacaoCodeSystem-53"> </a></td><td>Psiquiatria forense</td></tr><tr><td style="white-space:nowrap">54<a name="AreaAtuacaoCodeSystem-54"> </a></td><td>Radiologia intervencionista e angiorradiologia</td></tr><tr><td style="white-space:nowrap">55<a name="AreaAtuacaoCodeSystem-55"> </a></td><td>Reprodução assistida</td></tr><tr><td style="white-space:nowrap">56<a name="AreaAtuacaoCodeSystem-56"> </a></td><td>Reumatologia pediátrica</td></tr><tr><td style="white-space:nowrap">57<a name="AreaAtuacaoCodeSystem-57"> </a></td><td>Sexologia</td></tr><tr><td style="white-space:nowrap">58<a name="AreaAtuacaoCodeSystem-58"> </a></td><td>Toxicologia médica</td></tr><tr><td style="white-space:nowrap">59<a name="AreaAtuacaoCodeSystem-59"> </a></td><td>Transplante de medula óssea</td></tr><tr><td style="white-space:nowrap">60<a name="AreaAtuacaoCodeSystem-60"> </a></td><td>Ultrassonografia em ginecologia e obstetrícia</td></tr><tr><td style="white-space:nowrap">61<a name="AreaAtuacaoCodeSystem-61"> </a></td><td>Ultrassonografia geral</td></tr></table></div>
  </text>
  <url value="http://ehrruner.com/fhir/CodeSystem/AreaAtuacao"/>
  <version value="1.0.0"/>
  <name value="AreaAtuacao"/>
  <title value="Área de Atuação"/>
  <status value="draft"/>
  <date value="2023-11-04T17:46:04.4163856+00:00"/>
  <publisher value="CBIS Publisher"/>
  <contact>
    <telecom>
      <system value="email"/>
    </telecom>
  </contact>
  <description value="Área de atuação médica (Resolução CFM n. 2.330/2023)"/>
  <caseSensitive value="false"/>
  <valueSet value="http://ehrruner.com/fhir/StructureDefinition/ValueSet/AreaAtuacao"/>
  <compositional value="false"/>
  <versionNeeded value="false"/>
  <content value="complete"/>
  <count value="61"/>
  <concept>
    <code value="1"/>
    <display value="Administração em saúde"/>
  </concept>
  <concept>
    <code value="2"/>
    <display value="Alergia e imunologia pediátrica"/>
  </concept>
  <concept>
    <code value="3"/>
    <display value="Angiorradiologia e cirurgia endovascular"/>
  </concept>
  <concept>
    <code value="4"/>
    <display value="Atendimento ao queimado"/>
  </concept>
  <concept>
    <code value="5"/>
    <display value="Auditoria médica"/>
  </concept>
  <concept>
    <code value="6"/>
    <display value="Cardiologia pediátrica"/>
  </concept>
  <concept>
    <code value="7"/>
    <display value="Cirurgia bariátrica"/>
  </concept>
  <concept>
    <code value="8"/>
    <display value="Cirurgia crânio-maxilo-facial"/>
  </concept>
  <concept>
    <code value="9"/>
    <display value="Cirurgia do trauma"/>
  </concept>
  <concept>
    <code value="10"/>
    <display value="Cirurgia videolaparoscópica"/>
  </concept>
  <concept>
    <code value="11"/>
    <display value="Citopatologia"/>
  </concept>
  <concept>
    <code value="12"/>
    <display value="Densitometria óssea"/>
  </concept>
  <concept>
    <code value="13"/>
    <display value="Dor"/>
  </concept>
  <concept>
    <code value="14"/>
    <display value="Ecocardiografia"/>
  </concept>
  <concept>
    <code value="15"/>
    <display value="Ecografia vascular com doppler"/>
  </concept>
  <concept>
    <code value="16"/>
    <display value="Eletrofisiologia clínica invasiva"/>
  </concept>
  <concept>
    <code value="17"/>
    <display value="Emergência pediátrica"/>
  </concept>
  <concept>
    <code value="18"/>
    <display value="Endocrinologia pediátrica"/>
  </concept>
  <concept>
    <code value="19"/>
    <display value="Endoscopia digestiva"/>
  </concept>
  <concept>
    <code value="20"/>
    <display value="Endoscopia ginecológica"/>
  </concept>
  <concept>
    <code value="21"/>
    <display value="Endoscopia respiratória"/>
  </concept>
  <concept>
    <code value="22"/>
    <display value="Ergometria"/>
  </concept>
  <concept>
    <code value="23"/>
    <display value="Estimulação cardíaca eletrônica implantável"/>
  </concept>
  <concept>
    <code value="24"/>
    <display value="Foniatria"/>
  </concept>
  <concept>
    <code value="25"/>
    <display value="Gastroenterologia pediátrica"/>
  </concept>
  <concept>
    <code value="26"/>
    <display value="Hansenologia"/>
  </concept>
  <concept>
    <code value="27"/>
    <display value="Hematologia e hemoterapia pediátrica"/>
  </concept>
  <concept>
    <code value="28"/>
    <display value="Hemodinâmica e cardiologia intervencionista"/>
  </concept>
  <concept>
    <code value="29"/>
    <display value="Hepatologia"/>
  </concept>
  <concept>
    <code value="30"/>
    <display value="Infectologia hospitalar"/>
  </concept>
  <concept>
    <code value="31"/>
    <display value="Infectologia pediátrica"/>
  </concept>
  <concept>
    <code value="32"/>
    <display value="Mamografia"/>
  </concept>
  <concept>
    <code value="33"/>
    <display value="Medicina aeroespacial"/>
  </concept>
  <concept>
    <code value="34"/>
    <display value="Medicina do adolescente"/>
  </concept>
  <concept>
    <code value="35"/>
    <display value="Medicina do sono"/>
  </concept>
  <concept>
    <code value="36"/>
    <display value="Medicina fetal"/>
  </concept>
  <concept>
    <code value="37"/>
    <display value="Medicina intensiva pediátrica"/>
  </concept>
  <concept>
    <code value="38"/>
    <display value="Medicina paliativa"/>
  </concept>
  <concept>
    <code value="39"/>
    <display value="Medicina tropical"/>
  </concept>
  <concept>
    <code value="40"/>
    <display value="Nefrologia pediátrica"/>
  </concept>
  <concept>
    <code value="41"/>
    <display value="Neonatologia"/>
  </concept>
  <concept>
    <code value="42"/>
    <display value="Neurofisiologia clínica"/>
  </concept>
  <concept>
    <code value="43"/>
    <display value="Neurologia pediátrica"/>
  </concept>
  <concept>
    <code value="44"/>
    <display value="Neurorradiologia"/>
  </concept>
  <concept>
    <code value="45"/>
    <display value="Nutrição parenteral e enteral"/>
  </concept>
  <concept>
    <code value="46"/>
    <display value="Nutrição parenteral e enteral pediátrica"/>
  </concept>
  <concept>
    <code value="47"/>
    <display value="Nutrologia pediátrica"/>
  </concept>
  <concept>
    <code value="48"/>
    <display value="Oncologia pediátrica"/>
  </concept>
  <concept>
    <code value="49"/>
    <display value="Pneumologia pediátrica"/>
  </concept>
  <concept>
    <code value="50"/>
    <display value="Psicogeriatria"/>
  </concept>
  <concept>
    <code value="51"/>
    <display value="Psicoterapia"/>
  </concept>
  <concept>
    <code value="52"/>
    <display value="Psiquiatria da infância e adolescência"/>
  </concept>
  <concept>
    <code value="53"/>
    <display value="Psiquiatria forense"/>
  </concept>
  <concept>
    <code value="54"/>
    <display value="Radiologia intervencionista e angiorradiologia"/>
  </concept>
  <concept>
    <code value="55"/>
    <display value="Reprodução assistida"/>
  </concept>
  <concept>
    <code value="56"/>
    <display value="Reumatologia pediátrica"/>
  </concept>
  <concept>
    <code value="57"/>
    <display value="Sexologia"/>
  </concept>
  <concept>
    <code value="58"/>
    <display value="Toxicologia médica"/>
  </concept>
  <concept>
    <code value="59"/>
    <display value="Transplante de medula óssea"/>
  </concept>
  <concept>
    <code value="60"/>
    <display value="Ultrassonografia em ginecologia e obstetrícia"/>
  </concept>
  <concept>
    <code value="61"/>
    <display value="Ultrassonografia geral"/>
  </concept>
</CodeSystem>