<?xml version="1.0" encoding="UTF-8"?>

<ValueSet xmlns="http://hl7.org/fhir">
  <id value="EHRDocumentTypeValueset"/>
  <text>
    <status value="generated"/><div xmlns="http://www.w3.org/1999/xhtml"><p class="res-header-id"><b>Generated Narrative: ValueSet EHRDocumentTypeValueset</b></p><a name="EHRDocumentTypeValueset"> </a><a name="hcEHRDocumentTypeValueset"> </a><a name="EHRDocumentTypeValueset-en-US"> </a><ul><li>Include all codes defined in <a href="CodeSystem-EHRDocumentTypeCodeSystem.html"><code>http://ehrrunner.com/fhir/CodeSystem/EHRDocumentType</code></a></li></ul></div>
  </text>
  <url value="http://ehrrunner.com/fhir/ValueSet/EHRDocumentType"/>
  <version value="1.0.0"/>
  <name value="EHRDocumentType"/>
  <title value="EHRDocumentType"/>
  <status value="draft"/>
  <date value="2023-11-04T17:46:04.4163856+00:00"/>
  <publisher value="CBIS Publisher"/>
  <contact>
    <telecom>
      <system value="email"/>
    </telecom>
  </contact>
  <description value="Tipos de documentos OpenEHR (TDDs)"/>
  <compose>
    <include>
      <system value="http://ehrrunner.com/fhir/CodeSystem/EHRDocumentType"/>
    </include>
  </compose>
</ValueSet>