<?xml version="1.0" encoding="UTF-8"?>

<ValueSet xmlns="http://hl7.org/fhir">
  <id value="EventSummaryTypeValueSet"/>
  <text>
    <status value="generated"/><div xmlns="http://www.w3.org/1999/xhtml"><p class="res-header-id"><b>Generated Narrative: ValueSet EventSummaryTypeValueSet</b></p><a name="EventSummaryTypeValueSet"> </a><a name="hcEventSummaryTypeValueSet"> </a><a name="EventSummaryTypeValueSet-en-US"> </a><ul><li>Include all codes defined in <a href="CodeSystem-EventSummaryTypeCodeSystem.html"><code>http://br-ipes.com/fhir/CodeSystem/EventSummaryType</code></a></li></ul></div>
  </text>
  <url value="http://br-ipes.com/fhir/ValueSet/EventSummaryType"/>
  <version value="1.0.0"/>
  <name value="EventSummaryType"/>
  <title value="EventSummaryType"/>
  <status value="draft"/>
  <date value="2023-11-04T17:46:04.4163856+00:00"/>
  <publisher value="CBIS Publisher"/>
  <contact>
    <telecom>
      <system value="email"/>
    </telecom>
  </contact>
  <description value="Tipos de estruturas usadas para construir um registro eletrônico de saúde do tipo &quot;sumário de evento ou contato assistencial&quot;"/>
  <compose>
    <include>
      <system value="http://br-ipes.com/fhir/CodeSystem/EventSummaryType"/>
    </include>
  </compose>
</ValueSet>