[
  {
    "id" : "EHRDocumentTypeCodeSystem",
    "type" : "CodeSystem",
    "url" : "http://br-ipes.com/fhir/CodeSystem/EHRDocumentType",
    "version" : "1.0.0",
    "name" : "EHRDocumentType"
  },
  {
    "id" : "EventSummaryTypeCodeSystem",
    "type" : "CodeSystem",
    "url" : "http://br-ipes.com/fhir/CodeSystem/EventSummaryType",
    "version" : "1.0.0",
    "name" : "EventSummaryType"
  },
  {
    "id" : "ServiceRequestCategory",
    "type" : "CodeSystem",
    "url" : "http://br-ipes.com/fhir/CodeSystem/ServiceRequestCategory",
    "version" : "1.0.0",
    "name" : "ServiceRequestCategory"
  },
  {
    "id" : "2024_IG_CBIS",
    "type" : "ImplementationGuide",
    "url" : "http://br-ipes.com/fhir/ImplementationGuide/2024_IG_CBIS",
    "version" : "1.0.0",
    "name" : "2024IGCBIS"
  },
  {
    "id" : "BirthCountry-1.0",
    "type" : "StructureDefinition",
    "url" : "http://br-ipes.com/fhir/StructureDefinition/BirthCountry-1.0",
    "version" : "1.0.0",
    "name" : "BirthCountry"
  },
  {
    "id" : "DiagnosticReport",
    "type" : "StructureDefinition",
    "url" : "http://br-ipes.com/fhir/StructureDefinition/DiagnosticReport",
    "version" : "1.0.0",
    "name" : "DiagnosticReport"
  },
  {
    "id" : "Encounter",
    "type" : "StructureDefinition",
    "url" : "http://br-ipes.com/fhir/StructureDefinition/Encounter",
    "version" : "1.0.0",
    "name" : "Encounter"
  },
  {
    "id" : "IdentificadorIndividuo",
    "type" : "StructureDefinition",
    "url" : "http://br-ipes.com/fhir/StructureDefinition/IdentificadorIndividuo",
    "version" : "1.0.0",
    "name" : "IdentificadorIndividuo"
  },
  {
    "id" : "Medication",
    "type" : "StructureDefinition",
    "url" : "http://br-ipes.com/fhir/StructureDefinition/Medication",
    "version" : "1.0.0",
    "name" : "Medication"
  },
  {
    "id" : "MedicationRequest",
    "type" : "StructureDefinition",
    "url" : "http://br-ipes.com/fhir/StructureDefinition/MedicationRequest",
    "version" : "1.0.0",
    "name" : "MedicationRequest"
  },
  {
    "id" : "Observation",
    "type" : "StructureDefinition",
    "url" : "http://br-ipes.com/fhir/StructureDefinition/Observation",
    "version" : "1.0.0",
    "name" : "Observation"
  },
  {
    "id" : "Organization",
    "type" : "StructureDefinition",
    "url" : "http://br-ipes.com/fhir/StructureDefinition/Organization",
    "version" : "1.0.0",
    "name" : "Organization"
  },
  {
    "id" : "Patient",
    "type" : "StructureDefinition",
    "url" : "http://br-ipes.com/fhir/StructureDefinition/Patient",
    "version" : "1.0.0",
    "name" : "Patient"
  },
  {
    "id" : "Practitioner",
    "type" : "StructureDefinition",
    "url" : "http://br-ipes.com/fhir/StructureDefinition/Practitioner",
    "version" : "1.0.0",
    "name" : "Practitioner"
  },
  {
    "id" : "Procedure",
    "type" : "StructureDefinition",
    "url" : "http://br-ipes.com/fhir/StructureDefinition/Procedure",
    "version" : "1.0.0",
    "name" : "Procedure"
  },
  {
    "id" : "ServiceRequest",
    "type" : "StructureDefinition",
    "url" : "http://br-ipes.com/fhir/StructureDefinition/ServiceRequest",
    "version" : "1.0.0",
    "name" : "ServiceRequest"
  },
  {
    "id" : "Specimen",
    "type" : "StructureDefinition",
    "url" : "http://br-ipes.com/fhir/StructureDefinition/Specimen",
    "version" : "1.0.0",
    "name" : "Specimen"
  },
  {
    "id" : "EHRDocumentTypeValueset",
    "type" : "ValueSet",
    "url" : "http://br-ipes.com/fhir/ValueSet/EHRDocumentType",
    "version" : "1.0.0",
    "name" : "EHRDocumentType"
  },
  {
    "id" : "EventSummaryTypeValueSet",
    "type" : "ValueSet",
    "url" : "http://br-ipes.com/fhir/ValueSet/EventSummaryType",
    "version" : "1.0.0",
    "name" : "EventSummaryType"
  },
  {
    "id" : "ServiceRequestCategoryValueSet",
    "type" : "ValueSet",
    "url" : "http://br-ipes.com/fhir/ValueSet/ServiceRequestCategory",
    "version" : "1.0.0",
    "name" : "ServiceRequestCategory"
  },
  {
    "id" : "AreaAtuacaoCodeSystem",
    "type" : "CodeSystem",
    "url" : "http://ehrruner.com/fhir/CodeSystem/AreaAtuacao",
    "version" : "1.0.0",
    "name" : "AreaAtuacao"
  },
  {
    "id" : "EspecialidadeCodeSystem",
    "type" : "CodeSystem",
    "url" : "http://ehrruner.com/fhir/StructureDefinition/CodeSystem/Especialidade",
    "version" : "1.0.0",
    "name" : "Especialidade"
  },
  {
    "id" : "NivelFederacaoCodeSystem",
    "type" : "CodeSystem",
    "url" : "http://ehrruner.com/fhir/StructureDefinition/CodeSystem/NivelFederacao",
    "version" : "1.0.0",
    "name" : "NivelFederacao"
  },
  {
    "id" : "EspecialidadeValueset",
    "type" : "ValueSet",
    "url" : "http://ehrruner.com/fhir/StructureDefinition/ValueSet/Especialidade",
    "version" : "1.0.0",
    "name" : "Especialidade"
  },
  {
    "id" : "NivelFederacaoValueSet",
    "type" : "ValueSet",
    "url" : "http://ehrruner.com/fhir/StructureDefinition/ValueSet/NivelFederacao",
    "version" : "1.0.0",
    "name" : "NivelFederacao"
  },
  {
    "id" : "AreaAtuacaoValueset",
    "type" : "ValueSet",
    "url" : "http://ehrruner.com/fhir/ValueSet/AreaAtuacao",
    "version" : "1.0.0",
    "name" : "AreaAtuacao"
  },
  {
    "id" : "BRIndividuo-1.0",
    "type" : "StructureDefinition",
    "url" : "http://example.org/StructureDefinition/BRIndividuo-1.0",
    "version" : "1.0.0",
    "name" : "BRIndividuo"
  },
  {
    "id" : "BRTipoDocumentoIndividuo-1.0_ValueSet",
    "type" : "ValueSet",
    "url" : "http://example.org/ValueSet/BRTipoDocumentoIndividuo-1.0",
    "version" : "1.0.0",
    "name" : "BRTipoDocumentoIndividuo"
  },
  {
    "id" : "BRDivisaoGeograficaBrasilCodeSystem",
    "type" : "CodeSystem",
    "url" : "http://www.saude.gov.br/fhir/r4/CodeSystem/BRDivisaoGeograficaBrasil",
    "version" : "1.0.0",
    "name" : "BRDivisaoGeograficaBrasil"
  },
  {
    "id" : "BRJurisdicaoOrgaoEmissor-1.0",
    "type" : "StructureDefinition",
    "url" : "http://www.saude.gov.br/fhir/r4/StructureDefinition/BRJurisdicaoOrgaoEmissor-1.0",
    "version" : "1.0.0",
    "name" : "BRJurisdicaoOrgaoExpedidor"
  },
  {
    "id" : "BRMunicipio",
    "type" : "StructureDefinition",
    "url" : "http://www.saude.gov.br/fhir/r4/StructureDefinition/BRMunicipio-1.0",
    "version" : "1.0.0",
    "name" : "BRMunicipio"
  },
  {
    "id" : "BRNomeIndividuo-1.0",
    "type" : "StructureDefinition",
    "url" : "http://www.saude.gov.br/fhir/r4/StructureDefinition/BRNomeIndividuo-1.0",
    "version" : "1.0.0",
    "name" : "BRNomeIndividuo"
  },
  {
    "id" : "BRParentesIndividuo-1.0",
    "type" : "StructureDefinition",
    "url" : "http://www.saude.gov.br/fhir/r4/StructureDefinition/BRParentesIndividuo-1.0",
    "version" : "1.0.0",
    "name" : "BRParentesIndividuo"
  },
  {
    "id" : "BRRacaCorEtnia-1.0",
    "type" : "StructureDefinition",
    "url" : "http://www.saude.gov.br/fhir/r4/StructureDefinition/BRRacaCorEtnia-1.0",
    "version" : "1.0.0",
    "name" : "BRRacaCorEtnia"
  },
  {
    "id" : "BRMunicipio-1.0_Valueset",
    "type" : "ValueSet",
    "url" : "http://www.saude.gov.br/fhir/r4/ValueSet/BRMunicipio-1.0",
    "version" : "1.0.0",
    "name" : "BRMunicipio"
  }
]
