[
  {
    "id" : "AreaAtuacaoCodeSystem",
    "type" : "CodeSystem",
    "url" : "http://br-ipes.com/fhir/CodeSystem/AreaAtuacaoCodeSystem",
    "version" : "1.0.0",
    "name" : "AreaAtuacao"
  },
  {
    "id" : "BRDivisaoGeograficaBrasil",
    "type" : "CodeSystem",
    "url" : "http://br-ipes.com/fhir/CodeSystem/BRDivisaoGeograficaBrasil",
    "version" : "1.0.0",
    "name" : "BRDivisaoGeograficaBrasil"
  },
  {
    "id" : "EHRDocumentTypeCodeSystem",
    "type" : "CodeSystem",
    "url" : "http://br-ipes.com/fhir/CodeSystem/EHRDocumentTypeCodeSystem",
    "version" : "1.0.0",
    "name" : "EHRDocumentType"
  },
  {
    "id" : "EspecialidadeCodeSystem",
    "type" : "CodeSystem",
    "url" : "http://br-ipes.com/fhir/CodeSystem/EspecialidadeCodeSystem",
    "version" : "1.0.0",
    "name" : "Especialidade"
  },
  {
    "id" : "EventSummaryTypeCodeSystem",
    "type" : "CodeSystem",
    "url" : "http://br-ipes.com/fhir/CodeSystem/EventSummaryTypeCodeSystem",
    "version" : "1.0.0",
    "name" : "EventSummaryType"
  },
  {
    "id" : "NivelFederacaoCodeSystem",
    "type" : "CodeSystem",
    "url" : "http://br-ipes.com/fhir/CodeSystem/NivelFederacaoCodeSystem",
    "version" : "1.0.0",
    "name" : "NivelFederacao"
  },
  {
    "id" : "ServiceRequestCategory",
    "type" : "CodeSystem",
    "url" : "http://br-ipes.com/fhir/CodeSystem/ServiceRequestCategory",
    "version" : "1.0.0",
    "name" : "ServiceRequestCategory"
  },
  {
    "id" : "IGCBIS2024",
    "type" : "ImplementationGuide",
    "url" : "http://br-ipes.com/fhir/ImplementationGuide/IGCBIS2024",
    "version" : "1.0.0",
    "name" : "2024IGCBIS"
  },
  {
    "id" : "BRIndividuo-1.0",
    "type" : "StructureDefinition",
    "url" : "http://br-ipes.com/fhir/StructureDefinition/BRIndividuo-1.0",
    "version" : "1.0.0",
    "name" : "BRIndividuo"
  },
  {
    "id" : "BRJurisdicaoOrgaoEmissor-1.0",
    "type" : "StructureDefinition",
    "url" : "http://br-ipes.com/fhir/StructureDefinition/BRJurisdicaoOrgaoEmissor-1.0",
    "version" : "1.0.0",
    "name" : "BRJurisdicaoOrgaoExpedidor"
  },
  {
    "id" : "BRMunicipio",
    "type" : "StructureDefinition",
    "url" : "http://br-ipes.com/fhir/StructureDefinition/BRMunicipio",
    "version" : "1.0.0",
    "name" : "BRMunicipio"
  },
  {
    "id" : "BRNomeIndividuo-1.0",
    "type" : "StructureDefinition",
    "url" : "http://br-ipes.com/fhir/StructureDefinition/BRNomeIndividuo-1.0",
    "version" : "1.0.0",
    "name" : "BRNomeIndividuo"
  },
  {
    "id" : "BRParentesIndividuo-1.0",
    "type" : "StructureDefinition",
    "url" : "http://br-ipes.com/fhir/StructureDefinition/BRParentesIndividuo-1.0",
    "version" : "1.0.0",
    "name" : "BRParentesIndividuo"
  },
  {
    "id" : "BRRacaCorEtnia-1.0",
    "type" : "StructureDefinition",
    "url" : "http://br-ipes.com/fhir/StructureDefinition/BRRacaCorEtnia-1.0",
    "version" : "1.0.0",
    "name" : "BRRacaCorEtnia"
  },
  {
    "id" : "BirthCountry-1.0",
    "type" : "StructureDefinition",
    "url" : "http://br-ipes.com/fhir/StructureDefinition/BirthCountry-1.0",
    "version" : "1.0.0",
    "name" : "BirthCountry"
  },
  {
    "id" : "DiagnosticReport",
    "type" : "StructureDefinition",
    "url" : "http://br-ipes.com/fhir/StructureDefinition/DiagnosticReport",
    "version" : "1.0.0",
    "name" : "DiagnosticReport"
  },
  {
    "id" : "Encounter",
    "type" : "StructureDefinition",
    "url" : "http://br-ipes.com/fhir/StructureDefinition/Encounter",
    "version" : "1.0.0",
    "name" : "Encounter"
  },
  {
    "id" : "IdentificadorIndividuo",
    "type" : "StructureDefinition",
    "url" : "http://br-ipes.com/fhir/StructureDefinition/IdentificadorIndividuo",
    "version" : "1.0.0",
    "name" : "IdentificadorIndividuo"
  },
  {
    "id" : "Medication",
    "type" : "StructureDefinition",
    "url" : "http://br-ipes.com/fhir/StructureDefinition/Medication",
    "version" : "1.0.0",
    "name" : "Medication"
  },
  {
    "id" : "MedicationRequest",
    "type" : "StructureDefinition",
    "url" : "http://br-ipes.com/fhir/StructureDefinition/MedicationRequest",
    "version" : "1.0.0",
    "name" : "MedicationRequest"
  },
  {
    "id" : "Observation",
    "type" : "StructureDefinition",
    "url" : "http://br-ipes.com/fhir/StructureDefinition/Observation",
    "version" : "1.0.0",
    "name" : "Observation"
  },
  {
    "id" : "Organization",
    "type" : "StructureDefinition",
    "url" : "http://br-ipes.com/fhir/StructureDefinition/Organization",
    "version" : "1.0.0",
    "name" : "Organization"
  },
  {
    "id" : "Patient",
    "type" : "StructureDefinition",
    "url" : "http://br-ipes.com/fhir/StructureDefinition/Patient",
    "version" : "1.0.0",
    "name" : "Patient"
  },
  {
    "id" : "Practitioner",
    "type" : "StructureDefinition",
    "url" : "http://br-ipes.com/fhir/StructureDefinition/Practitioner",
    "version" : "1.0.0",
    "name" : "Practitioner"
  },
  {
    "id" : "Procedure",
    "type" : "StructureDefinition",
    "url" : "http://br-ipes.com/fhir/StructureDefinition/Procedure",
    "version" : "1.0.0",
    "name" : "Procedure"
  },
  {
    "id" : "ServiceRequest",
    "type" : "StructureDefinition",
    "url" : "http://br-ipes.com/fhir/StructureDefinition/ServiceRequest",
    "version" : "1.0.0",
    "name" : "ServiceRequest"
  },
  {
    "id" : "Specimen",
    "type" : "StructureDefinition",
    "url" : "http://br-ipes.com/fhir/StructureDefinition/Specimen",
    "version" : "1.0.0",
    "name" : "Specimen"
  },
  {
    "id" : "AreaAtuacaoValueset",
    "type" : "ValueSet",
    "url" : "http://br-ipes.com/fhir/ValueSet/AreaAtuacaoValueset",
    "version" : "1.0.0",
    "name" : "AreaAtuacao"
  },
  {
    "id" : "BRMunicipioValuesetV1.0",
    "type" : "ValueSet",
    "url" : "http://br-ipes.com/fhir/ValueSet/BRMunicipioValuesetV1.0",
    "version" : "1.0.0",
    "name" : "BRMunicipio"
  },
  {
    "id" : "BRTipoDocumentoIndividuoValueSetV1.0",
    "type" : "ValueSet",
    "url" : "http://br-ipes.com/fhir/ValueSet/BRTipoDocumentoIndividuoValueSetV1.0",
    "version" : "1.0.0",
    "name" : "BRTipoDocumentoIndividuo"
  },
  {
    "id" : "EHRDocumentTypeValueset",
    "type" : "ValueSet",
    "url" : "http://br-ipes.com/fhir/ValueSet/EHRDocumentTypeValueset",
    "version" : "1.0.0",
    "name" : "EHRDocumentType"
  },
  {
    "id" : "EspecialidadeValueset",
    "type" : "ValueSet",
    "url" : "http://br-ipes.com/fhir/ValueSet/EspecialidadeValueset",
    "version" : "1.0.0",
    "name" : "Especialidade"
  },
  {
    "id" : "EventSummaryTypeValueSet",
    "type" : "ValueSet",
    "url" : "http://br-ipes.com/fhir/ValueSet/EventSummaryTypeValueSet",
    "version" : "1.0.0",
    "name" : "EventSummaryType"
  },
  {
    "id" : "NivelFederacaoValueSet",
    "type" : "ValueSet",
    "url" : "http://br-ipes.com/fhir/ValueSet/NivelFederacaoValueSet",
    "version" : "1.0.0",
    "name" : "NivelFederacao"
  },
  {
    "id" : "ServiceRequestCategoryValueSet",
    "type" : "ValueSet",
    "url" : "http://br-ipes.com/fhir/ValueSet/ServiceRequestCategoryValueSet",
    "version" : "1.0.0",
    "name" : "ServiceRequestCategory"
  }
]
