{
  "codeSystems" : [
    {
      "url" : "http://br-ipes.com/fhir/CodeSystem/AreaAtuacaoCodeSystem",
      "version" : "1.0.0",
      "status" : "draft",
      "name" : "AreaAtuacao",
      "title" : "Área de Atuação",
      "description" : "Área de atuação médica (Resolução CFM n. 2.330/2023)"
    },
    {
      "url" : "http://br-ipes.com/fhir/CodeSystem/BRDivisaoGeograficaBrasil",
      "version" : "1.0.0",
      "status" : "active",
      "name" : "BRDivisaoGeograficaBrasil",
      "title" : "Divisão Geográfica do Brasil",
      "description" : "As regiões geográficas, estados, distrito federal e municípios do Brasil."
    },
    {
      "url" : "http://br-ipes.com/fhir/CodeSystem/EHRDocumentTypeCodeSystem",
      "version" : "1.0.0",
      "status" : "draft",
      "name" : "EHRDocumentType",
      "title" : "EHRDocumentType",
      "description" : "Tipos de documentos OpenEHR (TDDs)"
    },
    {
      "url" : "http://br-ipes.com/fhir/CodeSystem/EspecialidadeCodeSystem",
      "version" : "1.0.0",
      "status" : "draft",
      "name" : "Especialidade",
      "title" : "Especialidade",
      "description" : "Especialidade médica (Resolução CFM n. 2.330/2023)"
    },
    {
      "url" : "http://br-ipes.com/fhir/CodeSystem/EventSummaryTypeCodeSystem",
      "version" : "1.0.0",
      "status" : "draft",
      "name" : "EventSummaryType",
      "title" : "EventSummaryType",
      "description" : "Tipos de estruturas usadas para construir um registro eletrônico de saúde do tipo \"sumário de evento ou contato assistencial\""
    },
    {
      "url" : "http://br-ipes.com/fhir/CodeSystem/NivelFederacaoCodeSystem",
      "version" : "1.0.0",
      "status" : "draft",
      "name" : "NivelFederacao",
      "title" : "Nível da Federação",
      "description" : "Tipo de federação suportada para um PractitionerRole"
    },
    {
      "url" : "http://br-ipes.com/fhir/CodeSystem/ServiceRequestCategory",
      "version" : "1.0.0",
      "status" : "draft",
      "name" : "ServiceRequestCategory",
      "title" : "ServiceRequestCategory",
      "description" : "Categorias utilizadas nos perfis do recurso ServiceRequest"
    }
  ]
}
