{
  "resourceType" : "CodeSystem",
  "id" : "NivelFederacaoCodeSystem",
  "text" : {
    "status" : "generated",
    "div" : "<div xmlns=\"http://www.w3.org/1999/xhtml\"><p class=\"res-header-id\"><b>Generated Narrative: CodeSystem NivelFederacaoCodeSystem</b></p><a name=\"NivelFederacaoCodeSystem\"> </a><a name=\"hcNivelFederacaoCodeSystem\"> </a><a name=\"NivelFederacaoCodeSystem-en-US\"> </a><p>This case-insensitive code system <code>http://ehrruner.com/fhir/StructureDefinition/CodeSystem/NivelFederacao</code> defines the following codes:</p><table class=\"codes\"><tr><td style=\"white-space:nowrap\"><b>Code</b></td><td><b>Display</b></td></tr><tr><td style=\"white-space:nowrap\">Organizacao<a name=\"NivelFederacaoCodeSystem-Organizacao\"> </a></td><td>Todos os profissionais de saúde da organização podem federar</td></tr><tr><td style=\"white-space:nowrap\">Individuo<a name=\"NivelFederacaoCodeSystem-Individuo\"> </a></td><td>Apenas o profissional de saúde pode federar</td></tr></table></div>"
  },
  "url" : "http://ehrruner.com/fhir/StructureDefinition/CodeSystem/NivelFederacao",
  "version" : "1.0.0",
  "name" : "NivelFederacao",
  "title" : "Nível da Federação",
  "status" : "draft",
  "date" : "2023-11-04T17:46:04.4163856+00:00",
  "publisher" : "CBIS Publisher",
  "contact" : [{
    "telecom" : [{
      "system" : "email"
    }]
  }],
  "description" : "Tipo de federação suportada para um PractitionerRole",
  "caseSensitive" : false,
  "valueSet" : "http://ehrruner.com/fhir/StructureDefinition/ValueSet/NivelFederacao",
  "compositional" : false,
  "versionNeeded" : false,
  "content" : "complete",
  "count" : 2,
  "concept" : [{
    "code" : "Organizacao",
    "display" : "Todos os profissionais de saúde da organização podem federar"
  },
  {
    "code" : "Individuo",
    "display" : "Apenas o profissional de saúde pode federar"
  }]
}