{
  "codeSystems" : [
    {
      "url" : "http://br-ipes.com/fhir/CodeSystem/EHRDocumentType",
      "version" : "1.0.0",
      "status" : "draft",
      "name" : "EHRDocumentType",
      "title" : "EHRDocumentType",
      "description" : "Tipos de documentos OpenEHR (TDDs)",
      "uses" : {
      },
      "ValueSet-EHRDocumentTypeValueset.html" : "EHRDocumentType"
    },
    {
      "url" : "http://br-ipes.com/fhir/CodeSystem/EventSummaryType",
      "version" : "1.0.0",
      "status" : "draft",
      "name" : "EventSummaryType",
      "title" : "EventSummaryType",
      "description" : "Tipos de estruturas usadas para construir um registro eletrônico de saúde do tipo \"sumário de evento ou contato assistencial\"",
      "uses" : {
      },
      "ValueSet-EventSummaryTypeValueSet.html" : "EventSummaryType"
    },
    {
      "url" : "http://br-ipes.com/fhir/CodeSystem/ServiceRequestCategory",
      "version" : "1.0.0",
      "status" : "draft",
      "name" : "ServiceRequestCategory",
      "title" : "ServiceRequestCategory",
      "description" : "Categorias utilizadas nos perfis do recurso ServiceRequest",
      "uses" : {
      },
      "ValueSet-ServiceRequestCategoryValueSet.html" : "ServiceRequestCategory"
    },
    {
      "url" : "http://ehrruner.com/fhir/StructureDefinition/CodeSystem/Especialidade",
      "version" : "1.0.0",
      "status" : "draft",
      "name" : "Especialidade",
      "title" : "Especialidade",
      "description" : "Especialidade médica (Resolução CFM n. 2.330/2023)",
      "uses" : {
      },
      "ValueSet-EspecialidadeValueset.html" : "Especialidade"
    },
    {
      "url" : "http://ehrruner.com/fhir/StructureDefinition/CodeSystem/NivelFederacao",
      "version" : "1.0.0",
      "status" : "draft",
      "name" : "NivelFederacao",
      "title" : "Nível da Federação",
      "description" : "Tipo de federação suportada para um PractitionerRole",
      "uses" : {
      },
      "ValueSet-NivelFederacaoValueSet.html" : "Nível da Federacao"
    },
    {
      "url" : "http://hl7.org/fhir/administrative-gender",
      "version" : "4.0.1",
      "status" : "active",
      "name" : "AdministrativeGender",
      "title" : "AdministrativeGender",
      "description" : "The gender of a person used for administrative purposes.",
      "oids" : ["2.16.840.1.113883.4.642.4.2"],
      "uses" : {
      },
      "http://hl7.org/fhir/R4/valueset-administrative-gender.html" : "AdministrativeGender"
    },
    {
      "url" : "http://snomed.info/sct",
      "version" : null,
      "status" : "active",
      "name" : "SNOMED_CT",
      "title" : "SNOMED CT (all versions)",
      "description" : "SNOMED CT is the most comprehensive and precise clinical health terminology product in the world, owned and distributed around the world by The International Health Terminology Standards Development Organisation (IHTSDO).",
      "oids" : ["2.16.840.1.113883.6.96"],
      "uses" : {
      },
      "http://hl7.org/fhir/R4/valueset-body-site.html" : "SNOMED CT Body Structures",
      "http://hl7.org/fhir/R4/valueset-medication-form-codes.html" : "SNOMED CT Form Codes",
      "http://hl7.org/fhir/R4/valueset-clinical-findings.html" : "SNOMED CT Clinical Findings",
      "http://hl7.org/fhir/R4/valueset-specimen-collection-method.html" : "FHIR Specimen Collection Method",
      "http://hl7.org/fhir/R4/valueset-medication-codes.html" : "SNOMED CT Medication Codes",
      "http://hl7.org/fhir/R4/valueset-condition-code.html" : "Condition/Problem/Diagnosis Codes"
    },
    {
      "url" : "http://terminology.hl7.org/CodeSystem/medicationrequest-course-of-therapy",
      "version" : "1.0.1",
      "status" : "active",
      "name" : "MedicationRequestCourseOfTherapyCodes",
      "title" : "MedicationRequest Course of Therapy Codes",
      "description" : "MedicationRequest Course of Therapy Codes",
      "oids" : ["2.16.840.1.113883.4.642.1.1327"],
      "uses" : {
      },
      "http://hl7.org/fhir/R4/valueset-medicationrequest-course-of-therapy.html" : "Medication request  course of  therapy  codes"
    },
    {
      "url" : "http://terminology.hl7.org/CodeSystem/medicationrequest-status-reason",
      "version" : "1.0.1",
      "status" : "active",
      "name" : "MedicationRequestStatusReasonCodes",
      "title" : "MedicationRequest Status Reason Codes",
      "description" : "MedicationRequest Status Reason Codes",
      "oids" : ["2.16.840.1.113883.4.642.1.1325"],
      "uses" : {
      },
      "http://hl7.org/fhir/R4/valueset-medicationrequest-status-reason.html" : "Medication request  status  reason  codes"
    },
    {
      "url" : "http://terminology.hl7.org/CodeSystem/v2-0203",
      "version" : "4.0.0",
      "status" : "active",
      "name" : "IdentifierType",
      "title" : "identifierType",
      "description" : "HL7-defined code system of concepts specifying type of identifier. Used in HL7 Version 2.x messaging data types CX, PLN, PPN, XCN and XON.",
      "oids" : ["2.16.840.1.113883.18.108"],
      "uses" : {
      },
      "ValueSet-BRTipoDocumentoIndividuo-1.0_ValueSet.html" : "Tipo de Documento do Indivíduo"
    },
    {
      "url" : "http://terminology.hl7.org/CodeSystem/v2-0487",
      "version" : "2.0.0",
      "status" : "active",
      "name" : "SpecimenType",
      "title" : "specimenType",
      "description" : "HL7-defined code system of concepts that describe the precise nature of an entity that may be used as the source material for an observation.  This is one of two code systems that are used instead of table 0070 (code system 2.16.840.1.113883.18.28) which conflated specimen types and specimen collection methods.   Used in HL7 Version 2.x messaging in the SPM segment.",
      "oids" : ["2.16.840.1.113883.18.311"],
      "uses" : {
      },
      "http://terminology.hl7.org/6.0.2/ValueSet-v2-0487.html" : "hl7VS-specimenType"
    },
    {
      "url" : "http://terminology.hl7.org/CodeSystem/v2-0493",
      "version" : "2.0.0",
      "status" : "active",
      "name" : "SpecimenCondition",
      "title" : "specimenCondition",
      "description" : "Code system of concepts specifying a mode or state of being that describes the nature of the specimen.  Used in HL7 Version 2.x messaging in the SPM segment.",
      "oids" : ["2.16.840.1.113883.18.317"],
      "uses" : {
      },
      "http://terminology.hl7.org/6.0.2/ValueSet-v2-0493.html" : "hl7VS-specimenCondition"
    },
    {
      "url" : "http://terminology.hl7.org/CodeSystem/v2-0916",
      "version" : "2.0.0",
      "status" : "active",
      "name" : "RelevantClincialInformation",
      "title" : "relevantClincialInformation",
      "description" : "Code system of concepts specifying additional clinical information about the patient or specimen to report the supporting and/or suspected diagnosis and clinical findings on requests for interpreted diagnostic studies. Used in HL7 Version 2.x messaging in the OBR segment.",
      "oids" : ["2.16.840.1.113883.18.422"],
      "uses" : {
      },
      "http://terminology.hl7.org/6.0.2/ValueSet-v2-0916.html" : "hl7VS-relevantClincialInformation"
    },
    {
      "url" : "http://terminology.hl7.org/CodeSystem/v2-0936",
      "version" : "2.0.0",
      "status" : "active",
      "name" : "ObservationType",
      "title" : "observationType",
      "description" : "HL7-defined code system of concepts specifying types of observations to enable systems to distinguish between observations sent along with an order, versus observations sent as the result to an order. Used in HL7 Version 2.x messaging in the OBX segment.",
      "oids" : ["2.16.840.1.113883.18.439"],
      "uses" : {
      },
      "http://terminology.hl7.org/6.0.2/ValueSet-v2-0936.html" : "hl7VS-VS-observationType"
    },
    {
      "url" : "http://terminology.hl7.org/CodeSystem/v3-ActReason",
      "version" : "3.1.0",
      "status" : "active",
      "name" : "ActReason",
      "title" : "ActReason",
      "description" : "A set of codes specifying the motivation, cause, or rationale of an Act, when such rationale is not reasonably represented as an ActRelationship of type \"has reason\" linking to another Act.\r\n\r\n*Examples:* Example reasons that might qualify for being coded in this field might be: \"routine requirement\", \"infectious disease reporting requirement\", \"on patient request\", \"required by law\".",
      "oids" : ["2.16.840.1.113883.5.8"],
      "uses" : {
      },
      "http://terminology.hl7.org/6.0.2/ValueSet-v3-SubstanceAdminSubstitutionReason.html" : "SubstanceAdminSubstitutionReason"
    },
    {
      "url" : "http://terminology.hl7.org/CodeSystem/v3-substanceAdminSubstitution",
      "version" : "3.0.0",
      "status" : "active",
      "name" : "SubstanceAdminSubstitution",
      "title" : "Substance Admin Substitution",
      "description" : "Identifies what sort of change is permitted or has occurred between the therapy that was ordered and the therapy that was/will be provided.",
      "oids" : ["2.16.840.1.113883.5.1070"],
      "uses" : {
      },
      "http://terminology.hl7.org/6.0.2/ValueSet-v3-ActSubstanceAdminSubstitutionCode.html" : "ActSubstanceAdminSubstitutionCode"
    },
    {
      "url" : "http://www.saude.gov.br/fhir/r4/CodeSystem/BRDivisaoGeograficaBrasil",
      "version" : "1.0.0",
      "status" : "active",
      "name" : "BRDivisaoGeograficaBrasil",
      "title" : "Divisão Geográfica do Brasil",
      "description" : "As regiões geográficas, estados, distrito federal e municípios do Brasil.",
      "uses" : {
      },
      "ValueSet-BRMunicipio-1.0_Valueset.html" : "Município"
    }
  ]
}
