<?xml version="1.0" encoding="UTF-8"?>

<Bundle xmlns="http://hl7.org/fhir">
  <id value="ef71037b-46ca-44ff-a587-2c9897d24618"/>
  <meta>
    <lastUpdated value="2024-10-21T17:46:37.227-03:00"/>
  </meta>
  <type value="collection"/>
  <entry>
    <fullUrl value="http://br-ipes.com/fhir/ValueSet/ServiceRequestCategoryValueSet"/>
    <resource>
      <ValueSet>
        <text>
          <status value="generated"/>
          <div xmlns="http://www.w3.org/1999/xhtml">
            <p class="res-header-id">
              <b>Generated Narrative: ValueSet </b>
            </p>
            <p style="border: black 1px dotted; background-color: #EEEEEE; padding: 8px; margin-bottom: 8px">Expansion based on 
              <a href="CodeSystem-ServiceRequestCategory.html">codesystem ServiceRequestCategory v1.0.0 (CodeSystem)</a>
            </p>
            <p>This value set contains 2 concepts</p>
            <table class="codes">
              <tr>
                <td style="white-space:nowrap">
                  <b>Code</b>
                </td>
                <td>
                  <b>System</b>
                </td>
                <td>
                  <b>Display</b>
                </td>
              </tr>
              <tr>
                <td style="white-space:nowrap">
                  <a name="x-http://br-ipes.com/fhir/CodeSystem/ServiceRequestCategory-SADT"> </a>  
                  <a href="CodeSystem-ServiceRequestCategory.html#ServiceRequestCategory-SADT">SADT</a>
                </td>
                <td>http://br-ipes.com/fhir/CodeSystem/ServiceRequestCategory</td>
                <td>Serviço Auxiliar de Diagnóstico ou Terapia</td>
              </tr>
              <tr>
                <td style="white-space:nowrap">
                  <a name="x-http://br-ipes.com/fhir/CodeSystem/ServiceRequestCategory-Referral"> </a>  
                  <a href="CodeSystem-ServiceRequestCategory.html#ServiceRequestCategory-Referral">Referral</a>
                </td>
                <td>http://br-ipes.com/fhir/CodeSystem/ServiceRequestCategory</td>
                <td>Referência (atenção especializada)</td>
              </tr>
            </table>
          </div>
        </text>
        <url value="http://br-ipes.com/fhir/ValueSet/ServiceRequestCategoryValueSet"/>
        <version value="1.0.0"/>
        <name value="ServiceRequestCategory"/>
        <title value="ServiceRequestCategory"/>
        <status value="draft"/>
        <date value="2023-11-04T17:46:04.4163856+00:00"/>
        <expansion>
          <identifier value="urn:uuid:f0e0a511-f6b6-4de8-9de4-a4517a68ac0d"/>
          <timestamp value="2024-10-21T17:49:05-03:00"/>
          <total value="2"/>
          <offset value="0"/>
          <parameter>
            <name value="count"/>
            <valueInteger value="1000"/>
          </parameter>
          <parameter>
            <name value="offset"/>
            <valueInteger value="0"/>
          </parameter>
          <parameter>
            <name value="excludeNested"/>
            <valueBoolean value="false"/>
          </parameter>
          <parameter>
            <name value="used-codesystem"/>
            <valueUri value="http://br-ipes.com/fhir/CodeSystem/ServiceRequestCategory|1.0.0"/>
          </parameter>
          <contains>
            <system value="http://br-ipes.com/fhir/CodeSystem/ServiceRequestCategory"/>
            <code value="SADT"/>
            <display value="Serviço Auxiliar de Diagnóstico ou Terapia"/>
          </contains>
          <contains>
            <system value="http://br-ipes.com/fhir/CodeSystem/ServiceRequestCategory"/>
            <code value="Referral"/>
            <display value="Referência (atenção especializada)"/>
          </contains>
        </expansion>
      </ValueSet>
    </resource>
  </entry>
</Bundle>