{
  "resourceType" : "Bundle",
  "id" : "ef71037b-46ca-44ff-a587-2c9897d24618",
  "meta" : {
    "lastUpdated" : "2024-10-21T17:46:37.227-03:00"
  },
  "type" : "collection",
  "entry" : [{
    "fullUrl" : "http://br-ipes.com/fhir/ValueSet/ServiceRequestCategoryValueSet",
    "resource" : {
      "resourceType" : "ValueSet",
      "text" : {
        "status" : "generated",
        "div" : "<div xmlns=\"http://www.w3.org/1999/xhtml\"><p class=\"res-header-id\"><b>Generated Narrative: ValueSet </b></p><p style=\"border: black 1px dotted; background-color: #EEEEEE; padding: 8px; margin-bottom: 8px\">Expansion based on <a href=\"CodeSystem-ServiceRequestCategory.html\">codesystem ServiceRequestCategory v1.0.0 (CodeSystem)</a></p><p>This value set contains 2 concepts</p><table class=\"codes\"><tr><td style=\"white-space:nowrap\"><b>Code</b></td><td><b>System</b></td><td><b>Display</b></td></tr><tr><td style=\"white-space:nowrap\"><a name=\"x-http://br-ipes.com/fhir/CodeSystem/ServiceRequestCategory-SADT\"> </a>\u00a0\u00a0<a href=\"CodeSystem-ServiceRequestCategory.html#ServiceRequestCategory-SADT\">SADT</a></td><td>http://br-ipes.com/fhir/CodeSystem/ServiceRequestCategory</td><td>Serviço Auxiliar de Diagnóstico ou Terapia</td></tr><tr><td style=\"white-space:nowrap\"><a name=\"x-http://br-ipes.com/fhir/CodeSystem/ServiceRequestCategory-Referral\"> </a>\u00a0\u00a0<a href=\"CodeSystem-ServiceRequestCategory.html#ServiceRequestCategory-Referral\">Referral</a></td><td>http://br-ipes.com/fhir/CodeSystem/ServiceRequestCategory</td><td>Referência (atenção especializada)</td></tr></table></div>"
      },
      "url" : "http://br-ipes.com/fhir/ValueSet/ServiceRequestCategoryValueSet",
      "version" : "1.0.0",
      "name" : "ServiceRequestCategory",
      "title" : "ServiceRequestCategory",
      "status" : "draft",
      "date" : "2023-11-04T17:46:04.4163856+00:00",
      "expansion" : {
        "identifier" : "urn:uuid:f0e0a511-f6b6-4de8-9de4-a4517a68ac0d",
        "timestamp" : "2024-10-21T17:49:05-03:00",
        "total" : 2,
        "offset" : 0,
        "parameter" : [{
          "name" : "count",
          "valueInteger" : 1000
        },
        {
          "name" : "offset",
          "valueInteger" : 0
        },
        {
          "name" : "excludeNested",
          "valueBoolean" : false
        },
        {
          "name" : "used-codesystem",
          "valueUri" : "http://br-ipes.com/fhir/CodeSystem/ServiceRequestCategory|1.0.0"
        }],
        "contains" : [{
          "system" : "http://br-ipes.com/fhir/CodeSystem/ServiceRequestCategory",
          "code" : "SADT",
          "display" : "Serviço Auxiliar de Diagnóstico ou Terapia"
        },
        {
          "system" : "http://br-ipes.com/fhir/CodeSystem/ServiceRequestCategory",
          "code" : "Referral",
          "display" : "Referência (atenção especializada)"
        }]
      }
    }
  }]
}