{
  "package": "com.br-ipes.fhir.2024_ig_cbis",
  "version": "1.0.0",
  "fhirVersion": "4.0.1",
  "extensions": [
    {
      "url": "http://br-ipes.com/fhir/StructureDefinition/BirthCountry-1.0",
      "title": "País de Nascimento",
      "types": [
        "CodeableConcept"
      ]
    },
    {
      "url": "http://www.saude.gov.br/fhir/r4/StructureDefinition/BRJurisdicaoOrgaoEmissor-1.0",
      "title": "Jurisdição do Órgão Expedidor",
      "types": [
        "positiveInt",
        "CodeableConcept"
      ]
    },
    {
      "url": "http://www.saude.gov.br/fhir/r4/StructureDefinition/BRMunicipio-1.0",
      "title": "Município",
      "types": [
        "CodeableConcept",
        "string",
        "Extension",
        "Coding",
        "string",
        "Extension",
        "uri",
        "string",
        "code",
        "string",
        "boolean",
        "string"
      ]
    },
    {
      "url": "http://www.saude.gov.br/fhir/r4/StructureDefinition/BRParentesIndividuo-1.0",
      "title": "Parentes do Indivíduo",
      "types": [
        "code",
        "HumanName",
        "Reference",
        "base64Binary",
        "boolean",
        "canonical",
        "code",
        "date",
        "dateTime",
        "decimal",
        "id",
        "instant",
        "integer",
        "markdown",
        "oid",
        "positiveInt",
        "string",
        "time",
        "unsignedInt",
        "uri",
        "url",
        "uuid",
        "Address",
        "Age",
        "Annotation",
        "Attachment",
        "CodeableConcept",
        "Coding",
        "ContactPoint",
        "Count",
        "Distance",
        "Duration",
        "HumanName",
        "Identifier",
        "Money",
        "Period",
        "Quantity",
        "Range",
        "Ratio",
        "Reference",
        "SampledData",
        "Signature",
        "Timing",
        "ContactDetail",
        "Contributor",
        "DataRequirement",
        "Expression",
        "ParameterDefinition",
        "RelatedArtifact",
        "TriggerDefinition",
        "UsageContext",
        "Dosage",
        "Meta"
      ]
    },
    {
      "url": "http://www.saude.gov.br/fhir/r4/StructureDefinition/BRRacaCorEtnia-1.0",
      "title": "Raça/Cor e Etnina",
      "types": [
        "CodeableConcept",
        "string",
        "Extension",
        "Coding",
        "string",
        "Extension",
        "uri",
        "string",
        "code",
        "string",
        "boolean",
        "string",
        "CodeableConcept",
        "string",
        "Extension",
        "Coding",
        "string",
        "Extension",
        "uri",
        "string",
        "code",
        "string",
        "boolean",
        "string",
        "base64Binary",
        "boolean",
        "canonical",
        "code",
        "date",
        "dateTime",
        "decimal",
        "id",
        "instant",
        "integer",
        "markdown",
        "oid",
        "positiveInt",
        "string",
        "time",
        "unsignedInt",
        "uri",
        "url",
        "uuid",
        "Address",
        "Age",
        "Annotation",
        "Attachment",
        "CodeableConcept",
        "Coding",
        "ContactPoint",
        "Count",
        "Distance",
        "Duration",
        "HumanName",
        "Identifier",
        "Money",
        "Period",
        "Quantity",
        "Range",
        "Ratio",
        "Reference",
        "SampledData",
        "Signature",
        "Timing",
        "ContactDetail",
        "Contributor",
        "DataRequirement",
        "Expression",
        "ParameterDefinition",
        "RelatedArtifact",
        "TriggerDefinition",
        "UsageContext",
        "Dosage",
        "Meta"
      ]
    }
  ],
  "profiles": {
    "DiagnosticReport": [
      {
        "url": "http://br-ipes.com/fhir/StructureDefinition/DiagnosticReport",
        "title": "Relatório de Diagnóstico"
      }
    ],
    "Encounter": [
      {
        "url": "http://br-ipes.com/fhir/StructureDefinition/Encounter",
        "title": "Contato Assistencial"
      }
    ],
    "Medication": [
      {
        "url": "http://br-ipes.com/fhir/StructureDefinition/Medication",
        "title": "Medicação"
      }
    ],
    "MedicationRequest": [
      {
        "url": "http://br-ipes.com/fhir/StructureDefinition/MedicationRequest",
        "title": "Solicitação de Medicação"
      }
    ],
    "Observation": [
      {
        "url": "http://br-ipes.com/fhir/StructureDefinition/Observation",
        "title": "Observação - Medida"
      }
    ],
    "Organization": [
      {
        "url": "http://br-ipes.com/fhir/StructureDefinition/Organization",
        "title": "Estabelecimento de Saúde"
      }
    ],
    "Patient": [
      {
        "url": "http://example.org/StructureDefinition/BRIndividuo-1.0",
        "title": "Indivíduo"
      }
    ],
    "Practitioner": [
      {
        "url": "http://br-ipes.com/fhir/StructureDefinition/Practitioner",
        "title": "Profissional de Saúde"
      }
    ],
    "Procedure": [
      {
        "url": "http://br-ipes.com/fhir/StructureDefinition/Procedure",
        "title": "Procedimento"
      }
    ],
    "ServiceRequest": [
      {
        "url": "http://br-ipes.com/fhir/StructureDefinition/ServiceRequest",
        "title": "Solicitação de Serviço - Exames e Procedimentos"
      }
    ],
    "Specimen": [
      {
        "url": "http://br-ipes.com/fhir/StructureDefinition/Specimen",
        "title": "Amostra"
      }
    ]
  },
  "usage": {
    "http://br-ipes.com/fhir/StructureDefinition/BirthCountry-1.0": [
      "Patient"
    ],
    "http://hl7.org/fhir/StructureDefinition/elementdefinition-bestpractice": [
      "StructureDefinition.snapshot.element.constraint"
    ],
    "http://hl7.org/fhir/StructureDefinition/elementdefinition-bestpractice-explanation": [
      "StructureDefinition.snapshot.element.constraint"
    ],
    "http://hl7.org/fhir/StructureDefinition/elementdefinition-bindingName": [
      "StructureDefinition.differential.element.binding",
      "StructureDefinition.snapshot.element.binding"
    ],
    "http://hl7.org/fhir/StructureDefinition/elementdefinition-isCommonBinding": [
      "StructureDefinition.differential.element.binding",
      "StructureDefinition.snapshot.element.binding"
    ],
    "http://hl7.org/fhir/StructureDefinition/elementdefinition-maxValueSet": [
      "StructureDefinition.snapshot.element.binding"
    ],
    "http://hl7.org/fhir/StructureDefinition/elementdefinition-translatable": [
      "StructureDefinition.snapshot.element"
    ],
    "http://hl7.org/fhir/StructureDefinition/patient-citizenship": [
      "Patient"
    ],
    "http://hl7.org/fhir/StructureDefinition/patient-genderIdentity": [
      "Patient"
    ],
    "http://hl7.org/fhir/StructureDefinition/patient-importance": [
      "Patient"
    ],
    "http://hl7.org/fhir/StructureDefinition/structuredefinition-display-hint": [
      "StructureDefinition.snapshot.element"
    ],
    "http://hl7.org/fhir/StructureDefinition/structuredefinition-fhir-type": [
      "StructureDefinition.snapshot.element.type"
    ],
    "http://hl7.org/fhir/StructureDefinition/structuredefinition-fmm": [
      "StructureDefinition"
    ],
    "http://hl7.org/fhir/StructureDefinition/structuredefinition-hierarchy": [
      "StructureDefinition.differential.element.type",
      "StructureDefinition.snapshot.element.type"
    ],
    "http://hl7.org/fhir/StructureDefinition/structuredefinition-standards-status": [
      "StructureDefinition",
      "StructureDefinition.differential.element"
    ],
    "http://hl7.org/fhir/StructureDefinition/structuredefinition-wg": [
      "StructureDefinition"
    ],
    "http://hl7.org/fhir/tools/StructureDefinition/binding-definition": [
      "StructureDefinition.differential.element.binding",
      "StructureDefinition.snapshot.element.binding"
    ],
    "http://hl7.org/fhir/tools/StructureDefinition/ig-internal-dependency": [
      "ImplementationGuide.definition"
    ],
    "http://hl7.org/fhir/tools/StructureDefinition/ig-parameter": [
      "ImplementationGuide.definition"
    ],
    "http://hl7.org/fhir/tools/StructureDefinition/implementationguide-dependency-comment": [
      "ImplementationGuide.dependsOn"
    ],
    "http://hl7.org/fhir/tools/StructureDefinition/resource-information": [
      "ImplementationGuide.definition.resource"
    ],
    "http://www.saude.gov.br/fhir/r4/StructureDefinition/BRJurisdicaoOrgaoEmissor-1.0": [
      "Identifier"
    ],
    "http://www.saude.gov.br/fhir/r4/StructureDefinition/BRMunicipio-1.0": [
      "Patient"
    ],
    "http://www.saude.gov.br/fhir/r4/StructureDefinition/BRParentesIndividuo-1.0": [
      "Patient"
    ],
    "http://www.saude.gov.br/fhir/r4/StructureDefinition/BRRacaCorEtnia-1.0": [
      "Patient"
    ]
  }
}