{
  "codeSystems" : [
    {
      "url" : "http://ehrruner.com/fhir/StructureDefinition/ValueSet/Especialidade",
      "version" : "1.0.0",
      "status" : "draft",
      "name" : "Especialidade",
      "title" : "Especialidade",
      "description" : "Especialidade médica (Resolução CFM n. 2.330/2023)",
      "systems" : [
        "http://ehrruner.com/fhir/StructureDefinition/CodeSystem/Especialidade"
      ]
    },
    {
      "url" : "http://ehrruner.com/fhir/StructureDefinition/ValueSet/NivelFederacao",
      "version" : "1.0.0",
      "status" : "draft",
      "name" : "NivelFederacao",
      "title" : "Nível da Federacao",
      "description" : "Tipo de federação suportada para um PractitionerRole",
      "systems" : [
        "http://ehrruner.com/fhir/StructureDefinition/CodeSystem/NivelFederacao"
      ]
    },
    {
      "url" : "http://ehrruner.com/fhir/ValueSet/AreaAtuacao",
      "version" : "1.0.0",
      "status" : "draft",
      "name" : "AreaAtuacao",
      "title" : "Área de Atuacao",
      "description" : "Área de atuação médica (Resolução CFM n. 2.330/2023)",
      "systems" : [
        "http://ehrruner.com/fhir/StructureDefinition/CodeSystem/AreaAtuacao"
      ]
    },
    {
      "url" : "http://ehrrunner.com/fhir/ValueSet/EHRDocumentType",
      "version" : "1.0.0",
      "status" : "draft",
      "name" : "EHRDocumentType",
      "title" : "EHRDocumentType",
      "description" : "Tipos de documentos OpenEHR (TDDs)",
      "systems" : ["http://ehrrunner.com/fhir/CodeSystem/EHRDocumentType"]
    },
    {
      "url" : "http://ehrrunner.com/fhir/ValueSet/EventSummaryType",
      "version" : "1.0.0",
      "status" : "draft",
      "name" : "EventSummaryType",
      "title" : "EventSummaryType",
      "description" : "Tipos de estruturas usadas para construir um registro eletrônico de saúde do tipo \"sumário de evento ou contato assistencial\"",
      "systems" : ["http://ehrrunner.com/fhir/CodeSystem/EventSummaryType"]
    },
    {
      "url" : "http://ehrrunner.com/fhir/ValueSet/ServiceRequestCategory",
      "version" : "1.0.0",
      "status" : "draft",
      "name" : "ServiceRequestCategory",
      "title" : "ServiceRequestCategory",
      "description" : "Categorias utilizadas nos perfis do recurso ServiceRequest",
      "systems" : [
        "http://ehrrunner.com/fhir/CodeSystem/ServiceRequestCategory"
      ],
      "uses" : {
      },
      "StructureDefinition-ServiceRequest.html" : "Solicitação de Serviço - Exames e Procedimentos"
    },
    {
      "url" : "http://example.org/ValueSet/BRTipoDocumentoIndividuo-1.0",
      "version" : "1.0.0",
      "status" : "active",
      "name" : "BRTipoDocumentoIndividuo",
      "title" : "Tipo de Documento do Indivíduo",
      "description" : "Classifica o tipo de documento que está sendo utilizado para identificar o indivíduo.",
      "systems" : [
        "http://www.saude.gov.br/fhir/r4/CodeSystem/BRTipoIdentificador",
        "http://terminology.hl7.org/CodeSystem/v2-0203"
      ]
    },
    {
      "url" : "http://hl7.org/fhir/ValueSet/address-type",
      "version" : "4.0.1",
      "status" : "active",
      "name" : "AddressType",
      "title" : "AddressType",
      "description" : "The type of an address (physical / postal).",
      "systems" : ["http://hl7.org/fhir/address-type"],
      "oids" : ["2.16.840.1.113883.4.642.3.69"],
      "sources" : ["2.16.840.1.113883.4.642.3.69"],
      "uses" : {
      },
      "StructureDefinition-BRIndividuo-1.0.html" : "Indivíduo"
    },
    {
      "url" : "http://hl7.org/fhir/ValueSet/address-use",
      "version" : "4.0.1",
      "status" : "active",
      "name" : "AddressUse",
      "title" : "AddressUse",
      "description" : "The use of an address.",
      "systems" : ["http://hl7.org/fhir/address-use"],
      "oids" : ["2.16.840.1.113883.4.642.3.67"],
      "sources" : ["2.16.840.1.113883.4.642.3.67"],
      "uses" : {
      },
      "StructureDefinition-BRIndividuo-1.0.html" : "Indivíduo"
    },
    {
      "url" : "http://hl7.org/fhir/ValueSet/administrative-gender",
      "version" : "4.0.1",
      "status" : "active",
      "name" : "AdministrativeGender",
      "title" : "AdministrativeGender",
      "description" : "The gender of a person used for administrative purposes.",
      "systems" : ["http://hl7.org/fhir/administrative-gender"],
      "oids" : ["2.16.840.1.113883.4.642.3.1"],
      "sources" : ["2.16.840.1.113883.4.642.3.1"],
      "uses" : {
      },
      "StructureDefinition-BRIndividuo-1.0.html" : "Indivíduo",
      "StructureDefinition-Patient.html" : "Paciente",
      "StructureDefinition-Practitioner.html" : "Profissional de Saúde"
    },
    {
      "url" : "http://hl7.org/fhir/ValueSet/body-site",
      "version" : "4.0.1",
      "status" : "draft",
      "name" : "SNOMEDCTBodyStructures",
      "title" : "SNOMED CT Body Structures",
      "description" : "This value set includes all codes from [SNOMED CT](http://snomed.info/sct) where concept is-a 442083009 (Anatomical or acquired body site (body structure)).",
      "systems" : ["http://snomed.info/sct"],
      "oids" : ["2.16.840.1.113883.4.642.3.141"],
      "sources" : ["2.16.840.1.113883.4.642.3.141"],
      "uses" : {
      },
      "StructureDefinition-Procedure.html" : "Procedimento",
      "StructureDefinition-Specimen.html" : "Amostra",
      "StructureDefinition-ServiceRequest.html" : "Solicitação de Serviço - Exames e Procedimentos"
    },
    {
      "url" : "http://hl7.org/fhir/ValueSet/clinical-findings",
      "version" : "4.0.1",
      "status" : "draft",
      "name" : "SNOMEDCTClinicalFindings",
      "title" : "SNOMED CT Clinical Findings",
      "description" : "This value set includes all the \"Clinical finding\" [SNOMED CT](http://snomed.info/sct) codes - concepts where concept is-a 404684003 (Clinical finding (finding)).",
      "systems" : ["http://snomed.info/sct"],
      "oids" : ["2.16.840.1.113883.4.642.3.232"],
      "sources" : ["2.16.840.1.113883.4.642.3.232"],
      "uses" : {
      },
      "StructureDefinition-DiagnosticReport.html" : "Relatório de Diagnóstico"
    },
    {
      "url" : "http://hl7.org/fhir/ValueSet/condition-code",
      "version" : "4.0.1",
      "status" : "draft",
      "name" : "Condition/Problem/DiagnosisCodes",
      "title" : "Condition/Problem/Diagnosis Codes",
      "description" : "Example value set for Condition/Problem/Diagnosis codes.",
      "systems" : ["http://snomed.info/sct"],
      "oids" : ["2.16.840.1.113883.4.642.3.161"],
      "sources" : ["2.16.840.1.113883.4.642.3.161"],
      "uses" : {
      },
      "StructureDefinition-Procedure.html" : "Procedimento",
      "StructureDefinition-MedicationRequest.html" : "Solicitação de Medicação"
    },
    {
      "url" : "http://hl7.org/fhir/ValueSet/contactentity-type",
      "version" : "4.0.1",
      "status" : "draft",
      "name" : "ContactEntityType",
      "title" : "Contact entity type",
      "description" : "This example value set defines a set of codes that can be used to indicate the purpose for which you would contact a contact party.",
      "systems" : ["http://terminology.hl7.org/CodeSystem/contactentity-type"],
      "oids" : ["2.16.840.1.113883.4.642.3.416"],
      "sources" : ["2.16.840.1.113883.4.642.3.416"],
      "uses" : {
      },
      "StructureDefinition-Organization.html" : "Estabelecimento de Saúde"
    },
    {
      "url" : "http://hl7.org/fhir/ValueSet/data-absent-reason",
      "version" : "4.0.1",
      "status" : "active",
      "name" : "DataAbsentReason",
      "title" : "DataAbsentReason",
      "description" : "Used to specify why the normally expected content of the data element is missing.",
      "systems" : ["http://terminology.hl7.org/CodeSystem/data-absent-reason"],
      "oids" : ["2.16.840.1.113883.4.642.3.5"],
      "sources" : ["2.16.840.1.113883.4.642.3.5"],
      "uses" : {
      },
      "StructureDefinition-Observation.html" : "Observação - Medida"
    },
    {
      "url" : "http://hl7.org/fhir/ValueSet/device-action",
      "version" : "4.0.1",
      "status" : "draft",
      "name" : "ProcedureDeviceActionCodes",
      "title" : "Procedure Device Action Codes",
      "description" : "Example codes indicating the change that happened to the device during the procedure.  Note that these are in no way complete and might not even be appropriate for some uses.",
      "systems" : ["http://snomed.info/sct"],
      "oids" : ["2.16.840.1.113883.4.642.3.425"],
      "sources" : ["2.16.840.1.113883.4.642.3.425"],
      "uses" : {
      },
      "StructureDefinition-Procedure.html" : "Procedimento"
    },
    {
      "url" : "http://hl7.org/fhir/ValueSet/device-kind",
      "version" : "4.0.1",
      "status" : "draft",
      "name" : "FHIRDeviceTypes",
      "title" : "FHIR Device Types",
      "description" : "Codes used to identify medical devices. Includes concepts from SNOMED CT (http://www.snomed.org/) where concept is-a 49062001 (Device)  and is provided as a suggestive example.",
      "systems" : ["http://snomed.info/sct"],
      "oids" : ["2.16.840.1.113883.4.642.3.208"],
      "sources" : ["2.16.840.1.113883.4.642.3.208"],
      "uses" : {
      },
      "StructureDefinition-Procedure.html" : "Procedimento"
    },
    {
      "url" : "http://hl7.org/fhir/ValueSet/diagnosis-role",
      "version" : "4.0.1",
      "status" : "draft",
      "name" : "DiagnosisRole",
      "title" : "DiagnosisRole",
      "description" : "This value set defines a set of codes that can be used to express the role of a diagnosis on the Encounter or EpisodeOfCare record.",
      "systems" : ["http://terminology.hl7.org/CodeSystem/diagnosis-role"],
      "oids" : ["2.16.840.1.113883.4.642.3.49"],
      "sources" : ["2.16.840.1.113883.4.642.3.49"],
      "uses" : {
      },
      "StructureDefinition-Encounter.html" : "Contato Assistencial"
    },
    {
      "url" : "http://hl7.org/fhir/ValueSet/diagnostic-report-status",
      "version" : "4.0.1",
      "status" : "draft",
      "name" : "DiagnosticReportStatus",
      "title" : "DiagnosticReportStatus",
      "description" : "The status of the diagnostic report.",
      "systems" : ["http://hl7.org/fhir/diagnostic-report-status"],
      "oids" : ["2.16.840.1.113883.4.642.3.235"],
      "sources" : ["2.16.840.1.113883.4.642.3.235"],
      "uses" : {
      },
      "StructureDefinition-DiagnosticReport.html" : "Relatório de Diagnóstico"
    },
    {
      "url" : "http://hl7.org/fhir/ValueSet/diagnostic-service-sections",
      "version" : "4.0.1",
      "status" : "draft",
      "name" : "DiagnosticServiceSectionCodes",
      "title" : "Diagnostic Service Section Codes",
      "description" : "This value set includes all the codes in HL7 V2 table 0074.",
      "systems" : ["http://terminology.hl7.org/CodeSystem/v2-0074"],
      "oids" : ["2.16.840.1.113883.4.642.3.234"],
      "sources" : ["2.16.840.1.113883.4.642.3.234"],
      "uses" : {
      },
      "StructureDefinition-DiagnosticReport.html" : "Relatório de Diagnóstico"
    },
    {
      "url" : "http://hl7.org/fhir/ValueSet/encounter-diet",
      "version" : "4.0.1",
      "status" : "draft",
      "name" : "Diet",
      "title" : "Diet",
      "description" : "This value set defines a set of codes that can be used to indicate dietary preferences or restrictions a patient may have.",
      "systems" : ["http://terminology.hl7.org/CodeSystem/diet"],
      "oids" : ["2.16.840.1.113883.4.642.3.255"],
      "sources" : ["2.16.840.1.113883.4.642.3.255"],
      "uses" : {
      },
      "StructureDefinition-Encounter.html" : "Contato Assistencial"
    },
    {
      "url" : "http://hl7.org/fhir/ValueSet/encounter-location-status",
      "version" : "4.0.1",
      "status" : "draft",
      "name" : "EncounterLocationStatus",
      "title" : "EncounterLocationStatus",
      "description" : "The status of the location.",
      "systems" : ["http://hl7.org/fhir/encounter-location-status"],
      "oids" : ["2.16.840.1.113883.4.642.3.262"],
      "sources" : ["2.16.840.1.113883.4.642.3.262"],
      "uses" : {
      },
      "StructureDefinition-Encounter.html" : "Contato Assistencial"
    },
    {
      "url" : "http://hl7.org/fhir/ValueSet/encounter-participant-type",
      "version" : "4.0.1",
      "status" : "draft",
      "name" : "ParticipantType",
      "title" : "Participant type",
      "description" : "This value set defines a set of codes that can be used to indicate how an individual participates in an encounter.",
      "systems" : [
        "http://terminology.hl7.org/CodeSystem/participant-type",
        "http://terminology.hl7.org/CodeSystem/v3-ParticipationType"
      ],
      "oids" : ["2.16.840.1.113883.4.642.3.250"],
      "sources" : ["2.16.840.1.113883.4.642.3.250"],
      "uses" : {
      },
      "StructureDefinition-Encounter.html" : "Contato Assistencial"
    },
    {
      "url" : "http://hl7.org/fhir/ValueSet/encounter-reason",
      "version" : "4.0.1",
      "status" : "draft",
      "name" : "EncounterReasonCodes",
      "title" : "Encounter Reason Codes",
      "description" : "This examples value set defines the set of codes that can be used to indicate reasons for an encounter.",
      "systems" : ["http://snomed.info/sct"],
      "oids" : ["2.16.840.1.113883.4.642.3.261"],
      "sources" : ["2.16.840.1.113883.4.642.3.261"],
      "uses" : {
      },
      "StructureDefinition-Encounter.html" : "Contato Assistencial"
    },
    {
      "url" : "http://hl7.org/fhir/ValueSet/encounter-special-arrangements",
      "version" : "4.0.1",
      "status" : "draft",
      "name" : "SpecialArrangements",
      "title" : "Special arrangements",
      "description" : "This value set defines a set of codes that can be used to indicate the kinds of special arrangements in place for a patients visit.",
      "systems" : [
        "http://terminology.hl7.org/CodeSystem/encounter-special-arrangements"
      ],
      "oids" : ["2.16.840.1.113883.4.642.3.253"],
      "sources" : ["2.16.840.1.113883.4.642.3.253"],
      "uses" : {
      },
      "StructureDefinition-Encounter.html" : "Contato Assistencial"
    },
    {
      "url" : "http://hl7.org/fhir/ValueSet/encounter-special-courtesy",
      "version" : "4.0.1",
      "status" : "draft",
      "name" : "SpecialCourtesy",
      "title" : "Special courtesy",
      "description" : "This value set defines a set of codes that can be used to indicate special courtesies provided to the patient.",
      "systems" : [
        "http://terminology.hl7.org/CodeSystem/v3-EncounterSpecialCourtesy",
        "http://terminology.hl7.org/CodeSystem/v3-NullFlavor"
      ],
      "oids" : ["2.16.840.1.113883.4.642.3.252"],
      "sources" : ["2.16.840.1.113883.4.642.3.252"],
      "uses" : {
      },
      "StructureDefinition-Encounter.html" : "Contato Assistencial"
    },
    {
      "url" : "http://hl7.org/fhir/ValueSet/encounter-status",
      "version" : "4.0.1",
      "status" : "draft",
      "name" : "EncounterStatus",
      "title" : "EncounterStatus",
      "description" : "Current state of the encounter.",
      "systems" : ["http://hl7.org/fhir/encounter-status"],
      "oids" : ["2.16.840.1.113883.4.642.3.246"],
      "sources" : ["2.16.840.1.113883.4.642.3.246"],
      "uses" : {
      },
      "StructureDefinition-Encounter.html" : "Contato Assistencial"
    },
    {
      "url" : "http://hl7.org/fhir/ValueSet/encounter-type",
      "version" : "4.0.1",
      "status" : "draft",
      "name" : "EncounterType",
      "title" : "Encounter type",
      "description" : "This example value set defines a set of codes that can be used to indicate the type of encounter: a specific code indicating type of service provided.",
      "systems" : ["http://terminology.hl7.org/CodeSystem/encounter-type"],
      "oids" : ["2.16.840.1.113883.4.642.3.248"],
      "sources" : ["2.16.840.1.113883.4.642.3.248"],
      "uses" : {
      },
      "StructureDefinition-Encounter.html" : "Contato Assistencial"
    },
    {
      "url" : "http://hl7.org/fhir/ValueSet/event-status",
      "version" : "4.0.1",
      "status" : "draft",
      "name" : "EventStatus",
      "title" : "EventStatus",
      "description" : "Codes identifying the lifecycle stage of an event.",
      "systems" : ["http://hl7.org/fhir/event-status"],
      "oids" : ["2.16.840.1.113883.4.642.3.109"],
      "sources" : ["2.16.840.1.113883.4.642.3.109"],
      "uses" : {
      },
      "StructureDefinition-Procedure.html" : "Procedimento"
    },
    {
      "url" : "http://hl7.org/fhir/ValueSet/identifier-type",
      "version" : "4.0.1",
      "status" : "active",
      "name" : "Identifier Type Codes",
      "title" : "IdentifierType",
      "description" : "A coded type for an identifier that can be used to determine which identifier to use for a specific purpose.",
      "systems" : ["http://terminology.hl7.org/CodeSystem/v2-0203"],
      "oids" : ["2.16.840.1.113883.4.642.3.45"],
      "sources" : ["2.16.840.1.113883.4.642.3.45"],
      "uses" : {
      },
      "StructureDefinition-Procedure.html" : "Procedimento",
      "StructureDefinition-BRIndividuo-1.0.html" : "Indivíduo",
      "StructureDefinition-Patient.html" : "Paciente",
      "StructureDefinition-Practitioner.html" : "Profissional de Saúde",
      "StructureDefinition-Encounter.html" : "Contato Assistencial",
      "StructureDefinition-Organization.html" : "Estabelecimento de Saúde"
    },
    {
      "url" : "http://hl7.org/fhir/ValueSet/identifier-use",
      "version" : "4.0.1",
      "status" : "active",
      "name" : "IdentifierUse",
      "title" : "IdentifierUse",
      "description" : "Identifies the purpose for this identifier, if known .",
      "systems" : ["http://hl7.org/fhir/identifier-use"],
      "oids" : ["2.16.840.1.113883.4.642.3.57"],
      "sources" : ["2.16.840.1.113883.4.642.3.57"],
      "uses" : {
      },
      "StructureDefinition-Procedure.html" : "Procedimento",
      "StructureDefinition-BRIndividuo-1.0.html" : "Indivíduo",
      "StructureDefinition-IdentificadorIndividuo.html" : "Identificador do Indivíduo",
      "StructureDefinition-Patient.html" : "Paciente",
      "StructureDefinition-Practitioner.html" : "Profissional de Saúde",
      "StructureDefinition-Encounter.html" : "Contato Assistencial",
      "StructureDefinition-Organization.html" : "Estabelecimento de Saúde"
    },
    {
      "url" : "http://hl7.org/fhir/ValueSet/languages",
      "version" : "4.0.1",
      "status" : "draft",
      "name" : "CommonLanguages",
      "title" : "Common Languages",
      "description" : "This value set includes common codes from BCP-47 (http://tools.ietf.org/html/bcp47)",
      "systems" : ["urn:ietf:bcp:47"],
      "oids" : ["2.16.840.1.113883.4.642.3.20"],
      "sources" : ["2.16.840.1.113883.4.642.3.20"],
      "uses" : {
      },
      "StructureDefinition-Medication.html" : "Medicação",
      "StructureDefinition-Procedure.html" : "Procedimento",
      "StructureDefinition-BRIndividuo-1.0.html" : "Indivíduo",
      "StructureDefinition-Observation.html" : "Observação - Medida",
      "StructureDefinition-DiagnosticReport.html" : "Relatório de Diagnóstico",
      "StructureDefinition-Patient.html" : "Paciente",
      "StructureDefinition-Specimen.html" : "Amostra",
      "StructureDefinition-MedicationRequest.html" : "Solicitação de Medicação",
      "StructureDefinition-Practitioner.html" : "Profissional de Saúde",
      "StructureDefinition-Encounter.html" : "Contato Assistencial",
      "StructureDefinition-ServiceRequest.html" : "Solicitação de Serviço - Exames e Procedimentos",
      "StructureDefinition-Organization.html" : "Estabelecimento de Saúde"
    },
    {
      "url" : "http://hl7.org/fhir/ValueSet/link-type",
      "version" : "4.0.1",
      "status" : "active",
      "name" : "LinkType",
      "title" : "LinkType",
      "description" : "The type of link between this patient resource and another patient resource.",
      "systems" : ["http://hl7.org/fhir/link-type"],
      "oids" : ["2.16.840.1.113883.4.642.3.423"],
      "sources" : ["2.16.840.1.113883.4.642.3.423"],
      "uses" : {
      },
      "StructureDefinition-BRIndividuo-1.0.html" : "Indivíduo",
      "StructureDefinition-Patient.html" : "Paciente"
    },
    {
      "url" : "http://hl7.org/fhir/ValueSet/location-physical-type",
      "version" : "4.0.1",
      "status" : "draft",
      "name" : "LocationType",
      "title" : "Location type",
      "description" : "This example value set defines a set of codes that can be used to indicate the physical form of the Location.",
      "systems" : [
        "http://terminology.hl7.org/CodeSystem/location-physical-type"
      ],
      "oids" : ["2.16.840.1.113883.4.642.3.328"],
      "sources" : ["2.16.840.1.113883.4.642.3.328"],
      "uses" : {
      },
      "StructureDefinition-Encounter.html" : "Contato Assistencial"
    },
    {
      "url" : "http://hl7.org/fhir/ValueSet/marital-status",
      "version" : "4.0.1",
      "status" : "active",
      "name" : "Marital Status Codes",
      "title" : "MaritalStatus",
      "description" : "This value set defines the set of codes that can be used to indicate the marital status of a person.",
      "systems" : [
        "http://terminology.hl7.org/CodeSystem/v3-MaritalStatus",
        "http://terminology.hl7.org/CodeSystem/v3-NullFlavor"
      ],
      "oids" : ["2.16.840.1.113883.4.642.3.29"],
      "sources" : ["2.16.840.1.113883.4.642.3.29"],
      "uses" : {
      },
      "StructureDefinition-BRIndividuo-1.0.html" : "Indivíduo",
      "StructureDefinition-Patient.html" : "Paciente"
    },
    {
      "url" : "http://hl7.org/fhir/ValueSet/medication-as-needed-reason",
      "version" : "4.0.1",
      "status" : "draft",
      "name" : "SNOMEDCTMedicationAsNeededReasonCodes",
      "title" : "SNOMED CT Medication As Needed Reason Codes",
      "description" : "This value set includes all clinical findings from SNOMED CT - provided as an exemplar value set.",
      "systems" : ["http://snomed.info/sct"],
      "oids" : ["2.16.840.1.113883.4.642.3.96"],
      "sources" : ["2.16.840.1.113883.4.642.3.96"],
      "uses" : {
      },
      "StructureDefinition-ServiceRequest.html" : "Solicitação de Serviço - Exames e Procedimentos"
    },
    {
      "url" : "http://hl7.org/fhir/ValueSet/medication-codes",
      "version" : "4.0.1",
      "status" : "draft",
      "name" : "SNOMEDCTMedicationCodes",
      "title" : "SNOMED CT Medication Codes",
      "description" : "This value set includes all drug or medicament substance codes and all pharmaceutical/biologic products from SNOMED CT - provided as an exemplar value set.",
      "systems" : ["http://snomed.info/sct"],
      "oids" : ["2.16.840.1.113883.4.642.3.375"],
      "sources" : ["2.16.840.1.113883.4.642.3.375"],
      "uses" : {
      },
      "StructureDefinition-Medication.html" : "Medicação",
      "StructureDefinition-MedicationRequest.html" : "Solicitação de Medicação"
    },
    {
      "url" : "http://hl7.org/fhir/ValueSet/medication-form-codes",
      "version" : "4.0.1",
      "status" : "draft",
      "name" : "SNOMEDCTFormCodes",
      "title" : "SNOMED CT Form Codes",
      "description" : "This value set includes all dose form codes from SNOMED CT - provided as an exemplar.",
      "systems" : ["http://snomed.info/sct"],
      "oids" : ["2.16.840.1.113883.4.642.3.374"],
      "sources" : ["2.16.840.1.113883.4.642.3.374"],
      "uses" : {
      },
      "StructureDefinition-Medication.html" : "Medicação"
    },
    {
      "url" : "http://hl7.org/fhir/ValueSet/medicationrequest-course-of-therapy",
      "version" : "4.0.1",
      "status" : "draft",
      "name" : "medicationRequest Course of Therapy Codes",
      "title" : "Medication request  course of  therapy  codes",
      "description" : "MedicationRequest Course of Therapy Codes",
      "systems" : [
        "http://terminology.hl7.org/CodeSystem/medicationrequest-course-of-therapy"
      ],
      "oids" : ["2.16.840.1.113883.4.642.3.1326"],
      "sources" : ["2.16.840.1.113883.4.642.3.1326"],
      "uses" : {
      },
      "StructureDefinition-MedicationRequest.html" : "Solicitação de Medicação"
    },
    {
      "url" : "http://hl7.org/fhir/ValueSet/medicationrequest-status-reason",
      "version" : "4.0.1",
      "status" : "draft",
      "name" : "medicationRequest Status Reason Codes",
      "title" : "Medication request  status  reason  codes",
      "description" : "MedicationRequest Status Reason Codes",
      "systems" : [
        "http://terminology.hl7.org/CodeSystem/medicationrequest-status-reason"
      ],
      "oids" : ["2.16.840.1.113883.4.642.3.1324"],
      "sources" : ["2.16.840.1.113883.4.642.3.1324"],
      "uses" : {
      },
      "StructureDefinition-MedicationRequest.html" : "Solicitação de Medicação"
    },
    {
      "url" : "http://hl7.org/fhir/ValueSet/name-use",
      "version" : "4.0.1",
      "status" : "active",
      "name" : "NameUse",
      "title" : "NameUse",
      "description" : "The use of a human name.",
      "systems" : ["http://hl7.org/fhir/name-use"],
      "oids" : ["2.16.840.1.113883.4.642.3.65"],
      "sources" : ["2.16.840.1.113883.4.642.3.65"],
      "uses" : {
      },
      "StructureDefinition-BRNomeIndividuo-1.0.html" : "Nome de Indivíduos"
    },
    {
      "url" : "http://hl7.org/fhir/ValueSet/observation-category",
      "version" : "4.0.1",
      "status" : "draft",
      "name" : "ObservationCategoryCodes",
      "title" : "Observation Category Codes",
      "description" : "Observation Category codes.",
      "systems" : ["http://terminology.hl7.org/CodeSystem/observation-category"],
      "oids" : ["2.16.840.1.113883.4.642.3.403"],
      "sources" : ["2.16.840.1.113883.4.642.3.403"],
      "uses" : {
      },
      "StructureDefinition-Observation.html" : "Observação - Medida"
    },
    {
      "url" : "http://hl7.org/fhir/ValueSet/observation-codes",
      "version" : "4.0.1",
      "status" : "draft",
      "name" : "LOINCCodes",
      "title" : "LOINC Codes",
      "description" : "This value set includes all LOINC codes",
      "systems" : ["http://loinc.org"],
      "oids" : ["2.16.840.1.113883.4.642.3.396"],
      "sources" : ["2.16.840.1.113883.4.642.3.396"],
      "uses" : {
      },
      "StructureDefinition-Observation.html" : "Observação - Medida"
    },
    {
      "url" : "http://hl7.org/fhir/ValueSet/observation-interpretation",
      "version" : "4.0.1",
      "status" : "active",
      "name" : "ObservationInterpretationCodes",
      "title" : "Observation Interpretation Codes",
      "description" : "A categorical assessment, providing a rough qualitative interpretation of the observation value,    such as “normal”/ “abnormal”,”low” / “high”, “better” / “worse”, “susceptible” / “resistant”, “expected”/ “not expected”.    The value set is intended to be for ANY use where coded representation of an interpretation is needed.   \r\n   \r\n   Notes:\r\n   \r\n   This is being communicated in v2.x in OBX-8 (Observation Interpretation), in v3 in ObservationInterpretation (CWE) in R1 (Representative Realm) and in FHIR in    Observation.interpretation. Historically these values come from the laboratory domain, and these codes are extensively    used. The value set binding is extensible, so codes outside the value set that are needed for interpretation concepts    (i.e. particular meanings) that are not included in the value set can be used, and these new codes may also be added to    the value set and published in a future version.",
      "systems" : [
        "http://terminology.hl7.org/CodeSystem/v3-ObservationInterpretation"
      ],
      "oids" : ["2.16.840.1.113883.4.642.3.399"],
      "sources" : ["2.16.840.1.113883.4.642.3.399"],
      "uses" : {
      },
      "StructureDefinition-Observation.html" : "Observação - Medida"
    },
    {
      "url" : "http://hl7.org/fhir/ValueSet/observation-status",
      "version" : "4.0.1",
      "status" : "active",
      "name" : "ObservationStatus",
      "title" : "ObservationStatus",
      "description" : "Codes providing the status of an observation.",
      "systems" : ["http://hl7.org/fhir/observation-status"],
      "oids" : ["2.16.840.1.113883.4.642.3.400"],
      "sources" : ["2.16.840.1.113883.4.642.3.400"],
      "uses" : {
      },
      "StructureDefinition-Observation.html" : "Observação - Medida"
    },
    {
      "url" : "http://hl7.org/fhir/ValueSet/organization-type",
      "version" : "4.0.1",
      "status" : "draft",
      "name" : "OrganizationType",
      "title" : "Organization type",
      "description" : "This example value set defines a set of codes that can be used to indicate a type of organization.",
      "systems" : ["http://terminology.hl7.org/CodeSystem/organization-type"],
      "oids" : ["2.16.840.1.113883.4.642.3.414"],
      "sources" : ["2.16.840.1.113883.4.642.3.414"],
      "uses" : {
      },
      "StructureDefinition-Organization.html" : "Estabelecimento de Saúde"
    },
    {
      "url" : "http://hl7.org/fhir/ValueSet/participant-role",
      "version" : "4.0.1",
      "status" : "draft",
      "name" : "ParticipantRoles",
      "title" : "Participant Roles",
      "description" : "Roles of participants that may be included in a care team.  Defined as: Is a Person, Healthcare professional (occupation) or Healthcare related organization (qualifier value).",
      "systems" : ["http://snomed.info/sct"],
      "oids" : ["2.16.840.1.113883.4.642.3.152"],
      "sources" : ["2.16.840.1.113883.4.642.3.152"],
      "uses" : {
      },
      "StructureDefinition-ServiceRequest.html" : "Solicitação de Serviço - Exames e Procedimentos"
    },
    {
      "url" : "http://hl7.org/fhir/ValueSet/patient-contactrelationship",
      "version" : "4.0.1",
      "status" : "active",
      "name" : "PatientContactRelationship",
      "title" : "Patient Contact Relationship ",
      "description" : "The nature of the relationship between the patient and the contact person.",
      "systems" : ["http://terminology.hl7.org/CodeSystem/v2-0131"],
      "oids" : ["2.16.840.1.113883.4.642.3.1130"],
      "sources" : ["2.16.840.1.113883.4.642.3.1130"],
      "uses" : {
      },
      "StructureDefinition-BRIndividuo-1.0.html" : "Indivíduo",
      "StructureDefinition-Patient.html" : "Paciente"
    },
    {
      "url" : "http://hl7.org/fhir/ValueSet/procedure-category",
      "version" : "4.0.1",
      "status" : "draft",
      "name" : "ProcedureCategoryCodes(SNOMEDCT)",
      "title" : "Procedure Category Codes (SNOMED CT)",
      "description" : "Procedure Category code: A selection of relevant SNOMED CT codes.",
      "systems" : ["http://snomed.info/sct"],
      "oids" : ["2.16.840.1.113883.4.642.3.430"],
      "sources" : ["2.16.840.1.113883.4.642.3.430"],
      "uses" : {
      },
      "StructureDefinition-Procedure.html" : "Procedimento"
    },
    {
      "url" : "http://hl7.org/fhir/ValueSet/procedure-followup",
      "version" : "4.0.1",
      "status" : "draft",
      "name" : "ProcedureFollowUpCodes(SNOMEDCT)",
      "title" : "Procedure Follow up Codes (SNOMED CT)",
      "description" : "Procedure follow up codes: A selection of SNOMED CT codes relevant to procedure follow up.",
      "systems" : ["http://snomed.info/sct"],
      "oids" : ["2.16.840.1.113883.4.642.3.429"],
      "sources" : ["2.16.840.1.113883.4.642.3.429"],
      "uses" : {
      },
      "StructureDefinition-Procedure.html" : "Procedimento"
    },
    {
      "url" : "http://hl7.org/fhir/ValueSet/procedure-not-performed-reason",
      "version" : "4.0.1",
      "status" : "active",
      "name" : "ProcedureNotPerformedReason(SNOMED-CT)",
      "title" : "Procedure Not Performed Reason (SNOMED-CT)",
      "description" : "Situation codes describing the reason that a procedure, which might otherwise be expected, was not performed, or a procedure that was started and was not completed. Consists of SNOMED CT codes, children of procedure contraindicated (183932001), procedure discontinued (416406003), procedure not done (416237000), procedure not indicated (428119001), procedure not offered (416064006), procedure not wanted (416432009), procedure refused (183944003), and procedure stopped (394908001).",
      "systems" : ["http://snomed.info/sct"],
      "oids" : ["2.16.840.1.113883.4.642.3.431"],
      "sources" : ["2.16.840.1.113883.4.642.3.431"],
      "uses" : {
      },
      "StructureDefinition-Procedure.html" : "Procedimento"
    },
    {
      "url" : "http://hl7.org/fhir/ValueSet/procedure-outcome",
      "version" : "4.0.1",
      "status" : "draft",
      "name" : "ProcedureOutcomeCodes(SNOMEDCT)",
      "title" : "Procedure Outcome Codes (SNOMED CT)",
      "description" : "Procedure Outcome code: A selection of relevant SNOMED CT codes.",
      "systems" : ["http://snomed.info/sct"],
      "oids" : ["2.16.840.1.113883.4.642.3.428"],
      "sources" : ["2.16.840.1.113883.4.642.3.428"],
      "uses" : {
      },
      "StructureDefinition-Procedure.html" : "Procedimento"
    },
    {
      "url" : "http://hl7.org/fhir/ValueSet/procedure-reason",
      "version" : "4.0.1",
      "status" : "draft",
      "name" : "ProcedureReasonCodes",
      "title" : "Procedure Reason Codes",
      "description" : "This example value set defines the set of codes that can be used to indicate a reason for a procedure.",
      "systems" : ["http://snomed.info/sct"],
      "oids" : ["2.16.840.1.113883.4.642.3.432"],
      "sources" : ["2.16.840.1.113883.4.642.3.432"],
      "uses" : {
      },
      "StructureDefinition-ServiceRequest.html" : "Solicitação de Serviço - Exames e Procedimentos"
    },
    {
      "url" : "http://hl7.org/fhir/ValueSet/referencerange-appliesto",
      "version" : "4.0.1",
      "status" : "draft",
      "name" : "ObservationReferenceRangeAppliesToCodes",
      "title" : "Observation Reference Range Applies To Codes",
      "description" : "This value set defines a set of codes that can be used to indicate the particular target population the reference range applies to.",
      "systems" : [
        "http://terminology.hl7.org/CodeSystem/v3-Race",
        "http://snomed.info/sct"
      ],
      "oids" : ["2.16.840.1.113883.4.642.3.407"],
      "sources" : ["2.16.840.1.113883.4.642.3.407"],
      "uses" : {
      },
      "StructureDefinition-Observation.html" : "Observação - Medida"
    },
    {
      "url" : "http://hl7.org/fhir/ValueSet/referencerange-meaning",
      "version" : "4.0.1",
      "status" : "draft",
      "name" : "ObservationReferenceRangeMeaningCodes",
      "title" : "Observation Reference Range Meaning Codes",
      "description" : "This value set defines a set of codes that can be used to indicate the meaning/use of a reference range for a particular target population.",
      "systems" : [
        "http://terminology.hl7.org/CodeSystem/referencerange-meaning"
      ],
      "oids" : ["2.16.840.1.113883.4.642.3.397"],
      "sources" : ["2.16.840.1.113883.4.642.3.397"],
      "uses" : {
      },
      "StructureDefinition-Observation.html" : "Observação - Medida"
    },
    {
      "url" : "http://hl7.org/fhir/ValueSet/report-codes",
      "version" : "4.0.1",
      "status" : "draft",
      "name" : "LOINCDiagnosticReportCodes",
      "title" : "LOINC Diagnostic Report Codes",
      "description" : "This value set includes LOINC codes that relate to Diagnostic Observations.",
      "systems" : ["http://loinc.org"],
      "oids" : ["2.16.840.1.113883.4.642.3.233"],
      "sources" : ["2.16.840.1.113883.4.642.3.233"],
      "uses" : {
      },
      "StructureDefinition-DiagnosticReport.html" : "Relatório de Diagnóstico"
    },
    {
      "url" : "http://hl7.org/fhir/ValueSet/request-intent",
      "version" : "4.0.1",
      "status" : "draft",
      "name" : "RequestIntent",
      "title" : "RequestIntent",
      "description" : "Codes indicating the degree of authority/intentionality associated with a request.",
      "systems" : ["http://hl7.org/fhir/request-intent"],
      "oids" : ["2.16.840.1.113883.4.642.3.113"],
      "sources" : ["2.16.840.1.113883.4.642.3.113"],
      "uses" : {
      },
      "StructureDefinition-ServiceRequest.html" : "Solicitação de Serviço - Exames e Procedimentos"
    },
    {
      "url" : "http://hl7.org/fhir/ValueSet/request-priority",
      "version" : "4.0.1",
      "status" : "draft",
      "name" : "RequestPriority",
      "title" : "Request priority",
      "description" : "The clinical priority of a diagnostic order.",
      "systems" : ["http://hl7.org/fhir/request-priority"],
      "oids" : ["2.16.840.1.113883.4.642.3.115"],
      "sources" : ["2.16.840.1.113883.4.642.3.115"],
      "uses" : {
      },
      "StructureDefinition-ServiceRequest.html" : "Solicitação de Serviço - Exames e Procedimentos"
    },
    {
      "url" : "http://hl7.org/fhir/ValueSet/request-status",
      "version" : "4.0.1",
      "status" : "draft",
      "name" : "RequestStatus",
      "title" : "RequestStatus",
      "description" : "Codes identifying the lifecycle stage of a request.",
      "systems" : ["http://hl7.org/fhir/request-status"],
      "oids" : ["2.16.840.1.113883.4.642.3.111"],
      "sources" : ["2.16.840.1.113883.4.642.3.111"],
      "uses" : {
      },
      "StructureDefinition-ServiceRequest.html" : "Solicitação de Serviço - Exames e Procedimentos"
    },
    {
      "url" : "http://hl7.org/fhir/ValueSet/resource-types",
      "version" : "4.0.1",
      "status" : "active",
      "name" : "ResourceType",
      "title" : "ResourceType",
      "description" : "One of the resource types defined as part of this version of FHIR.",
      "systems" : ["http://hl7.org/fhir/resource-types"],
      "oids" : ["2.16.840.1.113883.4.642.3.27"],
      "sources" : ["2.16.840.1.113883.4.642.3.27"],
      "uses" : {
      },
      "StructureDefinition-Procedure.html" : "Procedimento",
      "StructureDefinition-Observation.html" : "Observação - Medida",
      "StructureDefinition-Encounter.html" : "Contato Assistencial",
      "StructureDefinition-ServiceRequest.html" : "Solicitação de Serviço - Exames e Procedimentos"
    },
    {
      "url" : "http://hl7.org/fhir/ValueSet/service-type",
      "version" : "4.0.1",
      "status" : "draft",
      "name" : "ServiceType",
      "title" : "Service type",
      "description" : "This value set defines an example set of codes of service-types.",
      "systems" : ["http://terminology.hl7.org/CodeSystem/service-type"],
      "oids" : ["2.16.840.1.113883.4.642.3.518"],
      "sources" : ["2.16.840.1.113883.4.642.3.518"],
      "uses" : {
      },
      "StructureDefinition-Encounter.html" : "Contato Assistencial"
    },
    {
      "url" : "http://hl7.org/fhir/ValueSet/servicerequest-orderdetail",
      "version" : "4.0.1",
      "status" : "draft",
      "name" : "ServiceRequestOrderDetailsCodes",
      "title" : "Service Request Order Details Codes",
      "description" : "An example value set of Codified order entry details concepts.  These concepts only make sense in the context of what is being ordered.  This example is for a patient ventilation order",
      "systems" : ["http://snomed.info/sct"],
      "oids" : ["2.16.840.1.113883.4.642.3.435"],
      "sources" : ["2.16.840.1.113883.4.642.3.435"],
      "uses" : {
      },
      "StructureDefinition-ServiceRequest.html" : "Solicitação de Serviço - Exames e Procedimentos"
    },
    {
      "url" : "http://hl7.org/fhir/ValueSet/specimen-collection-method",
      "version" : "4.0.1",
      "status" : "draft",
      "name" : "FHIRSpecimenCollectionMethod",
      "title" : "FHIR Specimen Collection Method",
      "description" : " This example value set defines a set of codes that can be used to indicate the method by which a specimen was collected.",
      "systems" : ["http://snomed.info/sct"],
      "oids" : ["2.16.840.1.113883.4.642.3.468"],
      "sources" : ["2.16.840.1.113883.4.642.3.468"],
      "uses" : {
      },
      "StructureDefinition-Specimen.html" : "Amostra"
    },
    {
      "url" : "http://hl7.org/fhir/ValueSet/specimen-container-type",
      "version" : "4.0.1",
      "status" : "draft",
      "name" : "SpecimenContainerType",
      "title" : "Specimen Container Type",
      "description" : "Checks on the patient prior specimen collection. All SNOMED CT concepts descendants of 706041008 |Device for body fluid and tissue collection/transfer/processing (physical object)|",
      "systems" : ["http://snomed.info/sct"],
      "oids" : ["2.16.840.1.113883.4.642.3.470"],
      "sources" : ["2.16.840.1.113883.4.642.3.470"],
      "uses" : {
      },
      "StructureDefinition-Specimen.html" : "Amostra"
    },
    {
      "url" : "http://hl7.org/fhir/ValueSet/specimen-processing-procedure",
      "version" : "4.0.1",
      "status" : "draft",
      "name" : "SpecimenProcessingProcedure",
      "title" : "Specimen processing procedure",
      "description" : "The technique that is used to perform the process or preserve the specimen.",
      "systems" : ["http://terminology.hl7.org/CodeSystem/v2-0373"],
      "oids" : ["2.16.840.1.113883.4.642.3.469"],
      "sources" : ["2.16.840.1.113883.4.642.3.469"],
      "uses" : {
      },
      "StructureDefinition-Specimen.html" : "Amostra"
    },
    {
      "url" : "http://terminology.hl7.org/ValueSet/v2-0092",
      "version" : "2.0.0",
      "status" : "active",
      "name" : "Hl7VSReAdmissionIndicator",
      "title" : "hl7VS-re-admissionIndicator",
      "description" : "Value Set of codes which are used to specify that a patient is being re-admitted to a healthcare facility from which they were discharged, and indicates the circumstances around such re-admission.",
      "systems" : ["http://terminology.hl7.org/CodeSystem/v2-0092"],
      "oids" : ["2.16.840.1.113883.21.40"],
      "sources" : ["2.16.840.1.113883.21.40"],
      "uses" : {
      },
      "StructureDefinition-Encounter.html" : "Contato Assistencial"
    },
    {
      "url" : "http://terminology.hl7.org/ValueSet/v2-0371",
      "version" : "2.0.0",
      "status" : "active",
      "name" : "Hl7VSAdditivePreservative",
      "title" : "hl7VS-additivePreservative",
      "description" : "Concepts specifying any additive introduced to the specimen before or at the time of collection.  These additives may be introduced in order to preserve, maintain or enhance the particular nature or component of the specimen.  Used in Version 2 messaging in the SPM segment.",
      "systems" : ["http://terminology.hl7.org/CodeSystem/v2-0371"],
      "oids" : ["2.16.840.1.113883.21.245"],
      "sources" : ["2.16.840.1.113883.21.245"],
      "uses" : {
      },
      "StructureDefinition-Specimen.html" : "Amostra"
    },
    {
      "url" : "http://terminology.hl7.org/ValueSet/v2-0487",
      "version" : "2.0.0",
      "status" : "active",
      "name" : "Hl7VSSpecimenType",
      "title" : "hl7VS-specimenType",
      "description" : "Concepts that describe the precise nature of an entity that may be used as the source material for an observation.  This is one of two code systems that are used instead of table 0070 (code system xxxx) which conflated specimen types and specimen collection methods.   Used in Version 2 messaging in the SPM segment.",
      "systems" : ["http://terminology.hl7.org/CodeSystem/v2-0487"],
      "oids" : ["2.16.840.1.113883.21.327"],
      "sources" : ["2.16.840.1.113883.21.327"],
      "uses" : {
      },
      "StructureDefinition-Specimen.html" : "Amostra"
    },
    {
      "url" : "http://terminology.hl7.org/ValueSet/v2-0493",
      "version" : "2.0.0",
      "status" : "active",
      "name" : "Hl7VSSpecimenCondition",
      "title" : "hl7VS-specimenCondition",
      "description" : "Concepts of modes or states of being that describe the nature of a specimen.  Used in Version 2 messaging in the SPM segment.",
      "systems" : ["http://terminology.hl7.org/CodeSystem/v2-0493"],
      "oids" : ["2.16.840.1.113883.21.333"],
      "sources" : ["2.16.840.1.113883.21.333"],
      "uses" : {
      },
      "StructureDefinition-Specimen.html" : "Amostra"
    },
    {
      "url" : "http://terminology.hl7.org/ValueSet/v2-0916",
      "version" : "2.0.0",
      "status" : "active",
      "name" : "Hl7VSRelevantClincialInformation",
      "title" : "hl7VS-relevantClincialInformation",
      "description" : "Value Set of codes that specify additional clinical information about the patient or specimen to report the supporting and/or suspected diagnosis and clinical findings on requests for interpreted diagnostic studies.",
      "systems" : ["http://terminology.hl7.org/CodeSystem/v2-0916"],
      "oids" : ["2.16.840.1.113883.21.440"],
      "sources" : ["2.16.840.1.113883.21.440"],
      "uses" : {
      },
      "StructureDefinition-Specimen.html" : "Amostra"
    },
    {
      "url" : "http://terminology.hl7.org/ValueSet/v2-2.7-0360",
      "version" : "0360",
      "status" : "active",
      "name" : "v2.0360.2.7",
      "title" : "v2 table 0360, Version 2.7",
      "description" : "FHIR Value set/code system definition for HL7 v2 table 0360 ver 2.9 ( Degree/License/Certificate)",
      "systems" : ["http://terminology.hl7.org/CodeSystem/v2-0360|2.7"],
      "uses" : {
      },
      "StructureDefinition-Practitioner.html" : "Profissional de Saúde"
    },
    {
      "url" : "http://terminology.hl7.org/ValueSet/v3-ActEncounterCode",
      "version" : "3.0.0",
      "status" : "active",
      "name" : "ActEncounterCode",
      "title" : "ActEncounterCode",
      "description" : "Domain provides codes that qualify the ActEncounterClass (ENC)",
      "systems" : ["http://terminology.hl7.org/CodeSystem/v3-ActCode"],
      "oids" : ["2.16.840.1.113883.1.11.13955"],
      "sources" : ["2.16.840.1.113883.1.11.13955"],
      "uses" : {
      },
      "StructureDefinition-Encounter.html" : "Contato Assistencial"
    },
    {
      "url" : "http://terminology.hl7.org/ValueSet/v3-ActSubstanceAdminSubstitutionCode",
      "version" : "3.0.0",
      "status" : "active",
      "name" : "ActSubstanceAdminSubstitutionCode",
      "title" : "ActSubstanceAdminSubstitutionCode",
      "description" : "***No description***",
      "systems" : [
        "http://terminology.hl7.org/CodeSystem/v3-substanceAdminSubstitution"
      ],
      "oids" : ["2.16.840.1.113883.1.11.16621"],
      "sources" : ["2.16.840.1.113883.1.11.16621"],
      "uses" : {
      },
      "StructureDefinition-MedicationRequest.html" : "Solicitação de Medicação"
    },
    {
      "url" : "http://terminology.hl7.org/ValueSet/v3-ServiceDeliveryLocationRoleType",
      "version" : "3.0.0",
      "status" : "active",
      "name" : "ServiceDeliveryLocationRoleType",
      "title" : "ServiceDeliveryLocationRoleType",
      "description" : "A role of a place that further classifies the setting (e.g., accident site, road side, work site, community location) in which services are delivered.",
      "systems" : ["http://terminology.hl7.org/CodeSystem/v3-RoleCode"],
      "oids" : ["2.16.840.1.113883.1.11.17660"],
      "sources" : ["2.16.840.1.113883.1.11.17660"],
      "uses" : {
      },
      "StructureDefinition-ServiceRequest.html" : "Solicitação de Serviço - Exames e Procedimentos"
    },
    {
      "url" : "http://terminology.hl7.org/ValueSet/v3-SubstanceAdminSubstitutionReason",
      "version" : "3.0.0",
      "status" : "active",
      "name" : "SubstanceAdminSubstitutionReason",
      "title" : "SubstanceAdminSubstitutionReason",
      "description" : "***No description***",
      "systems" : ["http://terminology.hl7.org/CodeSystem/v3-ActReason"],
      "oids" : ["2.16.840.1.113883.1.11.19377"],
      "sources" : ["2.16.840.1.113883.1.11.19377"],
      "uses" : {
      },
      "StructureDefinition-MedicationRequest.html" : "Solicitação de Medicação"
    },
    {
      "url" : "http://www.saude.gov.br/fhir/r4/ValueSet/BRMunicipio-1.0",
      "version" : "1.0.0",
      "status" : "active",
      "name" : "BRMunicipio",
      "title" : "Município",
      "description" : "Municípios brasileiros, entes subnacionais.",
      "systems" : [
        "http://www.saude.gov.br/fhir/r4/CodeSystem/BRDivisaoGeograficaBrasil"
      ],
      "uses" : {
      },
      "StructureDefinition-BRMunicipio.html" : "Município"
    }
  ]
}
