{
  "resourceType" : "ValueSet",
  "id" : "BRMunicipio-1.0_Valueset",
  "language" : "pt-BR",
  "text" : {
    "status" : "generated",
    "div" : "<div xmlns=\"http://www.w3.org/1999/xhtml\" xml:lang=\"pt-BR\" lang=\"pt-BR\"><p class=\"res-header-id\"><b>Generated Narrative: ValueSet BRMunicipio-1.0_Valueset</b></p><a name=\"BRMunicipio-1.0_Valueset\"> </a><a name=\"hcBRMunicipio-1.0_Valueset\"> </a><a name=\"BRMunicipio-1.0_Valueset-en-US\"> </a><div style=\"display: inline-block; background-color: #d9e0e7; padding: 6px; margin: 4px; border: 1px solid #8da1b4; border-radius: 5px; line-height: 60%\"><p style=\"margin-bottom: 0px\">Language: pt-BR</p></div><ul><li>Include codes from<a href=\"CodeSystem-BRDivisaoGeograficaBrasilCodeSystem.html\"><code>http://www.saude.gov.br/fhir/r4/CodeSystem/BRDivisaoGeograficaBrasil</code></a> where type  = city</li></ul></div>"
  },
  "url" : "http://www.saude.gov.br/fhir/r4/ValueSet/BRMunicipio-1.0",
  "version" : "1.0.0",
  "name" : "BRMunicipio",
  "title" : "Município",
  "status" : "active",
  "experimental" : false,
  "date" : "2020-03-11T19:17:52.0302375+00:00",
  "publisher" : "CBIS Publisher",
  "description" : "Municípios brasileiros, entes subnacionais.",
  "immutable" : false,
  "compose" : {
    "include" : [{
      "system" : "http://www.saude.gov.br/fhir/r4/CodeSystem/BRDivisaoGeograficaBrasil",
      "version" : "*",
      "filter" : [{
        "property" : "type",
        "op" : "=",
        "value" : "city"
      }]
    }]
  }
}