<?xml version="1.0" encoding="UTF-8"?>

<ValueSet xmlns="http://hl7.org/fhir">
  <id value="AreaAtuacaoValueset"/>
  <text>
    <status value="generated"/><div xmlns="http://www.w3.org/1999/xhtml"><p class="res-header-id"><b>Generated Narrative: ValueSet AreaAtuacaoValueset</b></p><a name="AreaAtuacaoValueset"> </a><a name="hcAreaAtuacaoValueset"> </a><a name="AreaAtuacaoValueset-en-US"> </a><ul><li>Include all codes defined in <code>http://ehrruner.com/fhir/StructureDefinition/CodeSystem/AreaAtuacao</code></li></ul></div>
  </text>
  <url value="http://ehrruner.com/fhir/ValueSet/AreaAtuacao"/>
  <version value="1.0.0"/>
  <name value="AreaAtuacao"/>
  <title value="Área de Atuacao"/>
  <status value="draft"/>
  <date value="2023-11-04T17:46:04.4163856+00:00"/>
  <publisher value="CBIS Publisher"/>
  <contact>
    <telecom>
      <system value="email"/>
    </telecom>
  </contact>
  <description value="Área de atuação médica (Resolução CFM n. 2.330/2023)"/>
  <compose>
    <include>
      <system value="http://ehrruner.com/fhir/StructureDefinition/CodeSystem/AreaAtuacao"/>
    </include>
  </compose>
</ValueSet>