{
  "resourceType" : "ValueSet",
  "id" : "EspecialidadeValueset",
  "text" : {
    "status" : "generated",
    "div" : "<div xmlns=\"http://www.w3.org/1999/xhtml\"><p class=\"res-header-id\"><b>Generated Narrative: ValueSet EspecialidadeValueset</b></p><a name=\"EspecialidadeValueset\"> </a><a name=\"hcEspecialidadeValueset\"> </a><a name=\"EspecialidadeValueset-en-US\"> </a><ul><li>Include all codes defined in <a href=\"CodeSystem-EspecialidadeCodeSystem.html\"><code>http://ehrruner.com/fhir/StructureDefinition/CodeSystem/Especialidade</code></a></li></ul></div>"
  },
  "url" : "http://ehrruner.com/fhir/StructureDefinition/ValueSet/Especialidade",
  "version" : "1.0.0",
  "name" : "Especialidade",
  "title" : "Especialidade",
  "status" : "draft",
  "date" : "2023-11-04T17:46:04.4163856+00:00",
  "publisher" : "CBIS Publisher",
  "contact" : [{
    "telecom" : [{
      "system" : "email"
    }]
  }],
  "description" : "Especialidade médica (Resolução CFM n. 2.330/2023)",
  "compose" : {
    "include" : [{
      "system" : "http://ehrruner.com/fhir/StructureDefinition/CodeSystem/Especialidade"
    }]
  }
}