URL,Version,Status,OIDs,Name,Title,Descriptino,Uses,Used,Sources
http://br-ipes.com/fhir/ValueSet/AreaAtuacaoValueset,1.0.0,draft,,AreaAtuacao,Área de Atuacao,"Área de atuação médica (Resolução CFM n. 2.330/2023)",,"Other"
http://br-ipes.com/fhir/ValueSet/BRMunicipioValuesetV1.0,1.0.0,active,,BRMunicipio,Município,"Municípios brasileiros, entes subnacionais.",,"Other"
http://br-ipes.com/fhir/ValueSet/BRTipoDocumentoIndividuoValueSetV1.0,1.0.0,active,,BRTipoDocumentoIndividuo,Tipo de Documento do Indivíduo,"Classifica o tipo de documento que está sendo utilizado para identificar o indivíduo.",,"THO (V2),Other"
http://br-ipes.com/fhir/ValueSet/EHRDocumentTypeValueset,1.0.0,draft,,EHRDocumentType,EHRDocumentType,"Tipos de documentos OpenEHR (TDDs)",,"Other"
http://br-ipes.com/fhir/ValueSet/EspecialidadeValueset,1.0.0,draft,,Especialidade,Especialidade,"Especialidade médica (Resolução CFM n. 2.330/2023)",,"Other"
http://br-ipes.com/fhir/ValueSet/EventSummaryTypeValueSet,1.0.0,draft,,EventSummaryType,EventSummaryType,"Tipos de estruturas usadas para construir um registro eletrônico de saúde do tipo ""sumário de evento ou contato assistencial""",,"Other"
http://br-ipes.com/fhir/ValueSet/NivelFederacaoValueSet,1.0.0,draft,,NivelFederacao,Nível da Federacao,"Tipo de federação suportada para um PractitionerRole",,"Other"
http://br-ipes.com/fhir/ValueSet/ServiceRequestCategoryValueSet,1.0.0,draft,,ServiceRequestCategory,ServiceRequestCategory,"Categorias utilizadas nos perfis do recurso ServiceRequest",,"Internal"
