<?xml version="1.0" encoding="UTF-8"?>

<Bundle xmlns="http://hl7.org/fhir">
  <id value="14fe50fd-1aa7-4a71-ba49-894743a3d093"/>
  <meta>
    <lastUpdated value="2024-10-10T16:09:10.419-03:00"/>
  </meta>
  <type value="collection"/>
  <entry>
    <fullUrl value="http://www.saude.gov.br/fhir/r4/ValueSet/BRMunicipio-1.0"/>
    <resource>
      <ValueSet>
        <language value="pt-BR"/>
        <text>
          <status value="generated"/>
          <div xmlns="http://www.w3.org/1999/xhtml" xml:lang="pt-BR" lang="pt-BR">
            <p class="res-header-id">
              <b>Generated Narrative: ValueSet </b>
            </p>
            <div style="display: inline-block; background-color: #d9e0e7; padding: 6px; margin: 4px; border: 1px solid #8da1b4; border-radius: 5px; line-height: 60%">
              <p style="margin-bottom: 0px">Language: pt-BR</p>
            </div>
            <p style="border: black 1px dotted; background-color: #EEEEEE; padding: 8px; margin-bottom: 8px">Expansion based on 
              <a href="CodeSystem-BRDivisaoGeograficaBrasilCodeSystem.html">codesystem Divisão Geográfica do Brasil v1.0.0 (CodeSystem)</a>
            </p>
            <p>This value set contains 1 concepts</p>
            <table class="codes">
              <tr>
                <td style="white-space:nowrap">
                  <b>Code</b>
                </td>
                <td>
                  <b>System</b>
                </td>
                <td>
                  <b>Display</b> - Portuguese (Brazil) (pt)
                </td>
              </tr>
              <tr>
                <td style="white-space:nowrap">
                  <a name="x-http://www.saude.gov.br/fhir/r4/CodeSystem/BRDivisaoGeograficaBrasil-315780"> </a>  
                  <a href="CodeSystem-BRDivisaoGeograficaBrasilCodeSystem.html#BRDivisaoGeograficaBrasilCodeSystem-315780">315780</a>
                </td>
                <td>http://www.saude.gov.br/fhir/r4/CodeSystem/BRDivisaoGeograficaBrasil</td>
                <td>Santa Luzia</td>
              </tr>
            </table>
          </div>
        </text>
        <url value="http://www.saude.gov.br/fhir/r4/ValueSet/BRMunicipio-1.0"/>
        <version value="1.0.0"/>
        <name value="BRMunicipio"/>
        <title value="Município"/>
        <status value="active"/>
        <experimental value="false"/>
        <date value="2020-03-11T19:17:52.0302375+00:00"/>
        <immutable value="false"/>
        <expansion>
          <identifier value="urn:uuid:776b5b43-0e01-4311-9f9b-058b5a9fda91"/>
          <timestamp value="2024-10-10T16:10:41-03:00"/>
          <total value="1"/>
          <offset value="0"/>
          <parameter>
            <name value="count"/>
            <valueInteger value="1000"/>
          </parameter>
          <parameter>
            <name value="offset"/>
            <valueInteger value="0"/>
          </parameter>
          <parameter>
            <name value="excludeNested"/>
            <valueBoolean value="false"/>
          </parameter>
          <parameter>
            <name value="used-codesystem"/>
            <valueUri value="http://www.saude.gov.br/fhir/r4/CodeSystem/BRDivisaoGeograficaBrasil|1.0.0"/>
          </parameter>
          <contains>
            <system value="http://www.saude.gov.br/fhir/r4/CodeSystem/BRDivisaoGeograficaBrasil"/>
            <code value="315780"/>
            <display value="Santa Luzia"/>
          </contains>
        </expansion>
      </ValueSet>
    </resource>
  </entry>
  <entry>
    <fullUrl value="http://br-ipes.com/fhir/ValueSet/EHRDocumentType"/>
    <resource>
      <ValueSet>
        <text>
          <status value="generated"/>
          <div xmlns="http://www.w3.org/1999/xhtml">
            <p class="res-header-id">
              <b>Generated Narrative: ValueSet </b>
            </p>
            <p style="border: black 1px dotted; background-color: #EEEEEE; padding: 8px; margin-bottom: 8px">Expansion based on 
              <a href="CodeSystem-EHRDocumentTypeCodeSystem.html">codesystem EHRDocumentType v1.0.0 (CodeSystem)</a>
            </p>
            <p>This value set contains 10 concepts</p>
            <table class="codes">
              <tr>
                <td style="white-space:nowrap">
                  <b>Code</b>
                </td>
                <td>
                  <b>System</b>
                </td>
                <td>
                  <b>Display</b>
                </td>
              </tr>
              <tr>
                <td style="white-space:nowrap">
                  <a name="x-http://br-ipes.com/fhir/CodeSystem/EHRDocumentType-RegistroAtendimentoCl|ednico.v4.1"> </a>  
                  <a href="CodeSystem-EHRDocumentTypeCodeSystem.html#EHRDocumentTypeCodeSystem-RegistroAtendimentoCl.237nico.46v4.461">RegistroAtendimentoClínico.v4.1</a>
                </td>
                <td>http://br-ipes.com/fhir/CodeSystem/EHRDocumentType</td>
                <td>RAC 4.1</td>
              </tr>
              <tr>
                <td style="white-space:nowrap">
                  <a name="x-http://br-ipes.com/fhir/CodeSystem/EHRDocumentType-RegistroAtendimentoCl|ednico.v4.2"> </a>  
                  <a href="CodeSystem-EHRDocumentTypeCodeSystem.html#EHRDocumentTypeCodeSystem-RegistroAtendimentoCl.237nico.46v4.462">RegistroAtendimentoClínico.v4.2</a>
                </td>
                <td>http://br-ipes.com/fhir/CodeSystem/EHRDocumentType</td>
                <td>RAC 4.2</td>
              </tr>
              <tr>
                <td style="white-space:nowrap">
                  <a name="x-http://br-ipes.com/fhir/CodeSystem/EHRDocumentType-Registro|20de|20Atendimento|20Cl|ednico|20v1.0"> </a>  
                  <a href="CodeSystem-EHRDocumentTypeCodeSystem.html#EHRDocumentTypeCodeSystem-RegistrodeAtendimentoCl.237nicov1.460">Registro de Atendimento Clínico v1.0</a>
                </td>
                <td>http://br-ipes.com/fhir/CodeSystem/EHRDocumentType</td>
                <td>RAC 1.0</td>
              </tr>
              <tr>
                <td style="white-space:nowrap">
                  <a name="x-http://br-ipes.com/fhir/CodeSystem/EHRDocumentType-Sum|e1rio|20de|20Alta|20v1.0"> </a>  
                  <a href="CodeSystem-EHRDocumentTypeCodeSystem.html#EHRDocumentTypeCodeSystem-Sum.225riodeAltav1.460">Sumário de Alta v1.0</a>
                </td>
                <td>http://br-ipes.com/fhir/CodeSystem/EHRDocumentType</td>
                <td>SA 1.0</td>
              </tr>
              <tr>
                <td style="white-space:nowrap">
                  <a name="x-http://br-ipes.com/fhir/CodeSystem/EHRDocumentType-Sum|e1rioAlta.v4.0"> </a>  
                  <a href="CodeSystem-EHRDocumentTypeCodeSystem.html#EHRDocumentTypeCodeSystem-Sum.225rioAlta.46v4.460">SumárioAlta.v4.0</a>
                </td>
                <td>http://br-ipes.com/fhir/CodeSystem/EHRDocumentType</td>
                <td>SA 4.0</td>
              </tr>
              <tr>
                <td style="white-space:nowrap">
                  <a name="x-http://br-ipes.com/fhir/CodeSystem/EHRDocumentType-ColetaDadosSimplificada.v4.1"> </a>  
                  <a href="CodeSystem-EHRDocumentTypeCodeSystem.html#EHRDocumentTypeCodeSystem-ColetaDadosSimplificada.46v4.461">ColetaDadosSimplificada.v4.1</a>
                </td>
                <td>http://br-ipes.com/fhir/CodeSystem/EHRDocumentType</td>
                <td>CDS 4.1</td>
              </tr>
              <tr>
                <td style="white-space:nowrap">
                  <a name="x-http://br-ipes.com/fhir/CodeSystem/EHRDocumentType-Sum|e1rio|20Pronto|20Atendimento|20HAOC|20v|202.0"> </a>  
                  <a href="CodeSystem-EHRDocumentTypeCodeSystem.html#EHRDocumentTypeCodeSystem-Sum.225rioProntoAtendimentoHAOCv2.460">Sumário Pronto Atendimento HAOC v 2.0</a>
                </td>
                <td>http://br-ipes.com/fhir/CodeSystem/EHRDocumentType</td>
                <td>SPA 2.0</td>
              </tr>
              <tr>
                <td style="white-space:nowrap">
                  <a name="x-http://br-ipes.com/fhir/CodeSystem/EHRDocumentType-Sum|e1rio|20Pronto|20Atendimento|20HAOC|20v|202.1"> </a>  
                  <a href="CodeSystem-EHRDocumentTypeCodeSystem.html#EHRDocumentTypeCodeSystem-Sum.225rioProntoAtendimentoHAOCv2.461">Sumário Pronto Atendimento HAOC v 2.1</a>
                </td>
                <td>http://br-ipes.com/fhir/CodeSystem/EHRDocumentType</td>
                <td>SPA 2.1</td>
              </tr>
              <tr>
                <td style="white-space:nowrap">
                  <a name="x-http://br-ipes.com/fhir/CodeSystem/EHRDocumentType-SHROP|20-|20COVID19|20laboratory|20report.v1.0"> </a>  
                  <a href="CodeSystem-EHRDocumentTypeCodeSystem.html#EHRDocumentTypeCodeSystem-SHROP-COVID19laboratoryreport.46v1.460">SHROP - COVID19 laboratory report.v1.0</a>
                </td>
                <td>http://br-ipes.com/fhir/CodeSystem/EHRDocumentType</td>
                <td>REL COVID19 1.0</td>
              </tr>
              <tr>
                <td style="white-space:nowrap">
                  <a name="x-http://br-ipes.com/fhir/CodeSystem/EHRDocumentType-SHROP|20-|20COVID19|20immunization|20report.v1.0"> </a>  
                  <a href="CodeSystem-EHRDocumentTypeCodeSystem.html#EHRDocumentTypeCodeSystem-SHROP-COVID19immunizationreport.46v1.460">SHROP - COVID19 immunization report.v1.0</a>
                </td>
                <td>http://br-ipes.com/fhir/CodeSystem/EHRDocumentType</td>
                <td>RIA COVID19 1.0</td>
              </tr>
            </table>
          </div>
        </text>
        <url value="http://br-ipes.com/fhir/ValueSet/EHRDocumentType"/>
        <version value="1.0.0"/>
        <name value="EHRDocumentType"/>
        <title value="EHRDocumentType"/>
        <status value="draft"/>
        <date value="2023-11-04T17:46:04.4163856+00:00"/>
        <expansion>
          <identifier value="urn:uuid:30b0af2e-635e-43d0-8dd3-deb9083ae25d"/>
          <timestamp value="2024-10-10T16:10:46-03:00"/>
          <total value="10"/>
          <offset value="0"/>
          <parameter>
            <name value="count"/>
            <valueInteger value="1000"/>
          </parameter>
          <parameter>
            <name value="offset"/>
            <valueInteger value="0"/>
          </parameter>
          <parameter>
            <name value="excludeNested"/>
            <valueBoolean value="false"/>
          </parameter>
          <parameter>
            <name value="used-codesystem"/>
            <valueUri value="http://br-ipes.com/fhir/CodeSystem/EHRDocumentType|1.0.0"/>
          </parameter>
          <contains>
            <system value="http://br-ipes.com/fhir/CodeSystem/EHRDocumentType"/>
            <code value="RegistroAtendimentoClínico.v4.1"/>
            <display value="RAC 4.1"/>
          </contains>
          <contains>
            <system value="http://br-ipes.com/fhir/CodeSystem/EHRDocumentType"/>
            <code value="RegistroAtendimentoClínico.v4.2"/>
            <display value="RAC 4.2"/>
          </contains>
          <contains>
            <system value="http://br-ipes.com/fhir/CodeSystem/EHRDocumentType"/>
            <code value="Registro de Atendimento Clínico v1.0"/>
            <display value="RAC 1.0"/>
          </contains>
          <contains>
            <system value="http://br-ipes.com/fhir/CodeSystem/EHRDocumentType"/>
            <code value="Sumário de Alta v1.0"/>
            <display value="SA 1.0"/>
          </contains>
          <contains>
            <system value="http://br-ipes.com/fhir/CodeSystem/EHRDocumentType"/>
            <code value="SumárioAlta.v4.0"/>
            <display value="SA 4.0"/>
          </contains>
          <contains>
            <system value="http://br-ipes.com/fhir/CodeSystem/EHRDocumentType"/>
            <code value="ColetaDadosSimplificada.v4.1"/>
            <display value="CDS 4.1"/>
          </contains>
          <contains>
            <system value="http://br-ipes.com/fhir/CodeSystem/EHRDocumentType"/>
            <code value="Sumário Pronto Atendimento HAOC v 2.0"/>
            <display value="SPA 2.0"/>
          </contains>
          <contains>
            <system value="http://br-ipes.com/fhir/CodeSystem/EHRDocumentType"/>
            <code value="Sumário Pronto Atendimento HAOC v 2.1"/>
            <display value="SPA 2.1"/>
          </contains>
          <contains>
            <system value="http://br-ipes.com/fhir/CodeSystem/EHRDocumentType"/>
            <code value="SHROP - COVID19 laboratory report.v1.0"/>
            <display value="REL COVID19 1.0"/>
          </contains>
          <contains>
            <system value="http://br-ipes.com/fhir/CodeSystem/EHRDocumentType"/>
            <code value="SHROP - COVID19 immunization report.v1.0"/>
            <display value="RIA COVID19 1.0"/>
          </contains>
        </expansion>
      </ValueSet>
    </resource>
  </entry>
  <entry>
    <fullUrl value="http://ehrruner.com/fhir/StructureDefinition/ValueSet/Especialidade"/>
    <resource>
      <ValueSet>
        <text>
          <status value="generated"/>
          <div xmlns="http://www.w3.org/1999/xhtml">
            <p class="res-header-id">
              <b>Generated Narrative: ValueSet </b>
            </p>
            <p style="border: black 1px dotted; background-color: #EEEEEE; padding: 8px; margin-bottom: 8px">Expansion based on 
              <a href="CodeSystem-EspecialidadeCodeSystem.html">codesystem Especialidade v1.0.0 (CodeSystem)</a>
            </p>
            <p>This value set contains 55 concepts</p>
            <table class="codes">
              <tr>
                <td style="white-space:nowrap">
                  <b>Code</b>
                </td>
                <td>
                  <b>System</b>
                </td>
                <td>
                  <b>Display</b>
                </td>
              </tr>
              <tr>
                <td style="white-space:nowrap">
                  <a name="x-http://ehrruner.com/fhir/StructureDefinition/CodeSystem/Especialidade-1"> </a>  
                  <a href="CodeSystem-EspecialidadeCodeSystem.html#EspecialidadeCodeSystem-1">1</a>
                </td>
                <td>http://ehrruner.com/fhir/StructureDefinition/CodeSystem/Especialidade</td>
                <td>Acupuntura</td>
              </tr>
              <tr>
                <td style="white-space:nowrap">
                  <a name="x-http://ehrruner.com/fhir/StructureDefinition/CodeSystem/Especialidade-2"> </a>  
                  <a href="CodeSystem-EspecialidadeCodeSystem.html#EspecialidadeCodeSystem-2">2</a>
                </td>
                <td>http://ehrruner.com/fhir/StructureDefinition/CodeSystem/Especialidade</td>
                <td>Alergia e imunologia</td>
              </tr>
              <tr>
                <td style="white-space:nowrap">
                  <a name="x-http://ehrruner.com/fhir/StructureDefinition/CodeSystem/Especialidade-3"> </a>  
                  <a href="CodeSystem-EspecialidadeCodeSystem.html#EspecialidadeCodeSystem-3">3</a>
                </td>
                <td>http://ehrruner.com/fhir/StructureDefinition/CodeSystem/Especialidade</td>
                <td>Anestesiologia</td>
              </tr>
              <tr>
                <td style="white-space:nowrap">
                  <a name="x-http://ehrruner.com/fhir/StructureDefinition/CodeSystem/Especialidade-4"> </a>  
                  <a href="CodeSystem-EspecialidadeCodeSystem.html#EspecialidadeCodeSystem-4">4</a>
                </td>
                <td>http://ehrruner.com/fhir/StructureDefinition/CodeSystem/Especialidade</td>
                <td>Angiologia</td>
              </tr>
              <tr>
                <td style="white-space:nowrap">
                  <a name="x-http://ehrruner.com/fhir/StructureDefinition/CodeSystem/Especialidade-5"> </a>  
                  <a href="CodeSystem-EspecialidadeCodeSystem.html#EspecialidadeCodeSystem-5">5</a>
                </td>
                <td>http://ehrruner.com/fhir/StructureDefinition/CodeSystem/Especialidade</td>
                <td>Cardiologia</td>
              </tr>
              <tr>
                <td style="white-space:nowrap">
                  <a name="x-http://ehrruner.com/fhir/StructureDefinition/CodeSystem/Especialidade-6"> </a>  
                  <a href="CodeSystem-EspecialidadeCodeSystem.html#EspecialidadeCodeSystem-6">6</a>
                </td>
                <td>http://ehrruner.com/fhir/StructureDefinition/CodeSystem/Especialidade</td>
                <td>Cirurgia cardiovascular</td>
              </tr>
              <tr>
                <td style="white-space:nowrap">
                  <a name="x-http://ehrruner.com/fhir/StructureDefinition/CodeSystem/Especialidade-7"> </a>  
                  <a href="CodeSystem-EspecialidadeCodeSystem.html#EspecialidadeCodeSystem-7">7</a>
                </td>
                <td>http://ehrruner.com/fhir/StructureDefinition/CodeSystem/Especialidade</td>
                <td>Cirurgia da mão</td>
              </tr>
              <tr>
                <td style="white-space:nowrap">
                  <a name="x-http://ehrruner.com/fhir/StructureDefinition/CodeSystem/Especialidade-8"> </a>  
                  <a href="CodeSystem-EspecialidadeCodeSystem.html#EspecialidadeCodeSystem-8">8</a>
                </td>
                <td>http://ehrruner.com/fhir/StructureDefinition/CodeSystem/Especialidade</td>
                <td>Cirurgia de cabeça e pescoço</td>
              </tr>
              <tr>
                <td style="white-space:nowrap">
                  <a name="x-http://ehrruner.com/fhir/StructureDefinition/CodeSystem/Especialidade-9"> </a>  
                  <a href="CodeSystem-EspecialidadeCodeSystem.html#EspecialidadeCodeSystem-9">9</a>
                </td>
                <td>http://ehrruner.com/fhir/StructureDefinition/CodeSystem/Especialidade</td>
                <td>Cirurgia do aparelho digestivo</td>
              </tr>
              <tr>
                <td style="white-space:nowrap">
                  <a name="x-http://ehrruner.com/fhir/StructureDefinition/CodeSystem/Especialidade-10"> </a>  
                  <a href="CodeSystem-EspecialidadeCodeSystem.html#EspecialidadeCodeSystem-10">10</a>
                </td>
                <td>http://ehrruner.com/fhir/StructureDefinition/CodeSystem/Especialidade</td>
                <td>Cirurgia geral</td>
              </tr>
              <tr>
                <td style="white-space:nowrap">
                  <a name="x-http://ehrruner.com/fhir/StructureDefinition/CodeSystem/Especialidade-11"> </a>  
                  <a href="CodeSystem-EspecialidadeCodeSystem.html#EspecialidadeCodeSystem-11">11</a>
                </td>
                <td>http://ehrruner.com/fhir/StructureDefinition/CodeSystem/Especialidade</td>
                <td>Cirurgia oncológica</td>
              </tr>
              <tr>
                <td style="white-space:nowrap">
                  <a name="x-http://ehrruner.com/fhir/StructureDefinition/CodeSystem/Especialidade-12"> </a>  
                  <a href="CodeSystem-EspecialidadeCodeSystem.html#EspecialidadeCodeSystem-12">12</a>
                </td>
                <td>http://ehrruner.com/fhir/StructureDefinition/CodeSystem/Especialidade</td>
                <td>Cirurgia pediátrica</td>
              </tr>
              <tr>
                <td style="white-space:nowrap">
                  <a name="x-http://ehrruner.com/fhir/StructureDefinition/CodeSystem/Especialidade-13"> </a>  
                  <a href="CodeSystem-EspecialidadeCodeSystem.html#EspecialidadeCodeSystem-13">13</a>
                </td>
                <td>http://ehrruner.com/fhir/StructureDefinition/CodeSystem/Especialidade</td>
                <td>Cirurgia plástica</td>
              </tr>
              <tr>
                <td style="white-space:nowrap">
                  <a name="x-http://ehrruner.com/fhir/StructureDefinition/CodeSystem/Especialidade-14"> </a>  
                  <a href="CodeSystem-EspecialidadeCodeSystem.html#EspecialidadeCodeSystem-14">14</a>
                </td>
                <td>http://ehrruner.com/fhir/StructureDefinition/CodeSystem/Especialidade</td>
                <td>Cirurgia torácica</td>
              </tr>
              <tr>
                <td style="white-space:nowrap">
                  <a name="x-http://ehrruner.com/fhir/StructureDefinition/CodeSystem/Especialidade-15"> </a>  
                  <a href="CodeSystem-EspecialidadeCodeSystem.html#EspecialidadeCodeSystem-15">15</a>
                </td>
                <td>http://ehrruner.com/fhir/StructureDefinition/CodeSystem/Especialidade</td>
                <td>Cirurgia vascular</td>
              </tr>
              <tr>
                <td style="white-space:nowrap">
                  <a name="x-http://ehrruner.com/fhir/StructureDefinition/CodeSystem/Especialidade-16"> </a>  
                  <a href="CodeSystem-EspecialidadeCodeSystem.html#EspecialidadeCodeSystem-16">16</a>
                </td>
                <td>http://ehrruner.com/fhir/StructureDefinition/CodeSystem/Especialidade</td>
                <td>Clínica médica</td>
              </tr>
              <tr>
                <td style="white-space:nowrap">
                  <a name="x-http://ehrruner.com/fhir/StructureDefinition/CodeSystem/Especialidade-17"> </a>  
                  <a href="CodeSystem-EspecialidadeCodeSystem.html#EspecialidadeCodeSystem-17">17</a>
                </td>
                <td>http://ehrruner.com/fhir/StructureDefinition/CodeSystem/Especialidade</td>
                <td>Coloproctologia</td>
              </tr>
              <tr>
                <td style="white-space:nowrap">
                  <a name="x-http://ehrruner.com/fhir/StructureDefinition/CodeSystem/Especialidade-18"> </a>  
                  <a href="CodeSystem-EspecialidadeCodeSystem.html#EspecialidadeCodeSystem-18">18</a>
                </td>
                <td>http://ehrruner.com/fhir/StructureDefinition/CodeSystem/Especialidade</td>
                <td>Dermatologia</td>
              </tr>
              <tr>
                <td style="white-space:nowrap">
                  <a name="x-http://ehrruner.com/fhir/StructureDefinition/CodeSystem/Especialidade-19"> </a>  
                  <a href="CodeSystem-EspecialidadeCodeSystem.html#EspecialidadeCodeSystem-19">19</a>
                </td>
                <td>http://ehrruner.com/fhir/StructureDefinition/CodeSystem/Especialidade</td>
                <td>Endocrinologia e metabologia</td>
              </tr>
              <tr>
                <td style="white-space:nowrap">
                  <a name="x-http://ehrruner.com/fhir/StructureDefinition/CodeSystem/Especialidade-20"> </a>  
                  <a href="CodeSystem-EspecialidadeCodeSystem.html#EspecialidadeCodeSystem-20">20</a>
                </td>
                <td>http://ehrruner.com/fhir/StructureDefinition/CodeSystem/Especialidade</td>
                <td>Endoscopia</td>
              </tr>
              <tr>
                <td style="white-space:nowrap">
                  <a name="x-http://ehrruner.com/fhir/StructureDefinition/CodeSystem/Especialidade-21"> </a>  
                  <a href="CodeSystem-EspecialidadeCodeSystem.html#EspecialidadeCodeSystem-21">21</a>
                </td>
                <td>http://ehrruner.com/fhir/StructureDefinition/CodeSystem/Especialidade</td>
                <td>Gastroenterologia</td>
              </tr>
              <tr>
                <td style="white-space:nowrap">
                  <a name="x-http://ehrruner.com/fhir/StructureDefinition/CodeSystem/Especialidade-22"> </a>  
                  <a href="CodeSystem-EspecialidadeCodeSystem.html#EspecialidadeCodeSystem-22">22</a>
                </td>
                <td>http://ehrruner.com/fhir/StructureDefinition/CodeSystem/Especialidade</td>
                <td>Genética médica</td>
              </tr>
              <tr>
                <td style="white-space:nowrap">
                  <a name="x-http://ehrruner.com/fhir/StructureDefinition/CodeSystem/Especialidade-23"> </a>  
                  <a href="CodeSystem-EspecialidadeCodeSystem.html#EspecialidadeCodeSystem-23">23</a>
                </td>
                <td>http://ehrruner.com/fhir/StructureDefinition/CodeSystem/Especialidade</td>
                <td>Geriatria</td>
              </tr>
              <tr>
                <td style="white-space:nowrap">
                  <a name="x-http://ehrruner.com/fhir/StructureDefinition/CodeSystem/Especialidade-24"> </a>  
                  <a href="CodeSystem-EspecialidadeCodeSystem.html#EspecialidadeCodeSystem-24">24</a>
                </td>
                <td>http://ehrruner.com/fhir/StructureDefinition/CodeSystem/Especialidade</td>
                <td>Ginecologia e obstetrícia</td>
              </tr>
              <tr>
                <td style="white-space:nowrap">
                  <a name="x-http://ehrruner.com/fhir/StructureDefinition/CodeSystem/Especialidade-25"> </a>  
                  <a href="CodeSystem-EspecialidadeCodeSystem.html#EspecialidadeCodeSystem-25">25</a>
                </td>
                <td>http://ehrruner.com/fhir/StructureDefinition/CodeSystem/Especialidade</td>
                <td>Hematologia e hemoterapia</td>
              </tr>
              <tr>
                <td style="white-space:nowrap">
                  <a name="x-http://ehrruner.com/fhir/StructureDefinition/CodeSystem/Especialidade-26"> </a>  
                  <a href="CodeSystem-EspecialidadeCodeSystem.html#EspecialidadeCodeSystem-26">26</a>
                </td>
                <td>http://ehrruner.com/fhir/StructureDefinition/CodeSystem/Especialidade</td>
                <td>Homeopatia</td>
              </tr>
              <tr>
                <td style="white-space:nowrap">
                  <a name="x-http://ehrruner.com/fhir/StructureDefinition/CodeSystem/Especialidade-27"> </a>  
                  <a href="CodeSystem-EspecialidadeCodeSystem.html#EspecialidadeCodeSystem-27">27</a>
                </td>
                <td>http://ehrruner.com/fhir/StructureDefinition/CodeSystem/Especialidade</td>
                <td>Infectologia</td>
              </tr>
              <tr>
                <td style="white-space:nowrap">
                  <a name="x-http://ehrruner.com/fhir/StructureDefinition/CodeSystem/Especialidade-28"> </a>  
                  <a href="CodeSystem-EspecialidadeCodeSystem.html#EspecialidadeCodeSystem-28">28</a>
                </td>
                <td>http://ehrruner.com/fhir/StructureDefinition/CodeSystem/Especialidade</td>
                <td>Mastologia</td>
              </tr>
              <tr>
                <td style="white-space:nowrap">
                  <a name="x-http://ehrruner.com/fhir/StructureDefinition/CodeSystem/Especialidade-29"> </a>  
                  <a href="CodeSystem-EspecialidadeCodeSystem.html#EspecialidadeCodeSystem-29">29</a>
                </td>
                <td>http://ehrruner.com/fhir/StructureDefinition/CodeSystem/Especialidade</td>
                <td>Medicina de emergência</td>
              </tr>
              <tr>
                <td style="white-space:nowrap">
                  <a name="x-http://ehrruner.com/fhir/StructureDefinition/CodeSystem/Especialidade-30"> </a>  
                  <a href="CodeSystem-EspecialidadeCodeSystem.html#EspecialidadeCodeSystem-30">30</a>
                </td>
                <td>http://ehrruner.com/fhir/StructureDefinition/CodeSystem/Especialidade</td>
                <td>Medicina de família e comunidade</td>
              </tr>
              <tr>
                <td style="white-space:nowrap">
                  <a name="x-http://ehrruner.com/fhir/StructureDefinition/CodeSystem/Especialidade-31"> </a>  
                  <a href="CodeSystem-EspecialidadeCodeSystem.html#EspecialidadeCodeSystem-31">31</a>
                </td>
                <td>http://ehrruner.com/fhir/StructureDefinition/CodeSystem/Especialidade</td>
                <td>Medicina do trabalho</td>
              </tr>
              <tr>
                <td style="white-space:nowrap">
                  <a name="x-http://ehrruner.com/fhir/StructureDefinition/CodeSystem/Especialidade-32"> </a>  
                  <a href="CodeSystem-EspecialidadeCodeSystem.html#EspecialidadeCodeSystem-32">32</a>
                </td>
                <td>http://ehrruner.com/fhir/StructureDefinition/CodeSystem/Especialidade</td>
                <td>Medicina de tráfego</td>
              </tr>
              <tr>
                <td style="white-space:nowrap">
                  <a name="x-http://ehrruner.com/fhir/StructureDefinition/CodeSystem/Especialidade-33"> </a>  
                  <a href="CodeSystem-EspecialidadeCodeSystem.html#EspecialidadeCodeSystem-33">33</a>
                </td>
                <td>http://ehrruner.com/fhir/StructureDefinition/CodeSystem/Especialidade</td>
                <td>Medicina esportiva</td>
              </tr>
              <tr>
                <td style="white-space:nowrap">
                  <a name="x-http://ehrruner.com/fhir/StructureDefinition/CodeSystem/Especialidade-34"> </a>  
                  <a href="CodeSystem-EspecialidadeCodeSystem.html#EspecialidadeCodeSystem-34">34</a>
                </td>
                <td>http://ehrruner.com/fhir/StructureDefinition/CodeSystem/Especialidade</td>
                <td>Medicina física e reabilitação</td>
              </tr>
              <tr>
                <td style="white-space:nowrap">
                  <a name="x-http://ehrruner.com/fhir/StructureDefinition/CodeSystem/Especialidade-35"> </a>  
                  <a href="CodeSystem-EspecialidadeCodeSystem.html#EspecialidadeCodeSystem-35">35</a>
                </td>
                <td>http://ehrruner.com/fhir/StructureDefinition/CodeSystem/Especialidade</td>
                <td>Medicina intensiva</td>
              </tr>
              <tr>
                <td style="white-space:nowrap">
                  <a name="x-http://ehrruner.com/fhir/StructureDefinition/CodeSystem/Especialidade-36"> </a>  
                  <a href="CodeSystem-EspecialidadeCodeSystem.html#EspecialidadeCodeSystem-36">36</a>
                </td>
                <td>http://ehrruner.com/fhir/StructureDefinition/CodeSystem/Especialidade</td>
                <td>Medicina legal e perícia médica</td>
              </tr>
              <tr>
                <td style="white-space:nowrap">
                  <a name="x-http://ehrruner.com/fhir/StructureDefinition/CodeSystem/Especialidade-37"> </a>  
                  <a href="CodeSystem-EspecialidadeCodeSystem.html#EspecialidadeCodeSystem-37">37</a>
                </td>
                <td>http://ehrruner.com/fhir/StructureDefinition/CodeSystem/Especialidade</td>
                <td>Medicina nuclear</td>
              </tr>
              <tr>
                <td style="white-space:nowrap">
                  <a name="x-http://ehrruner.com/fhir/StructureDefinition/CodeSystem/Especialidade-38"> </a>  
                  <a href="CodeSystem-EspecialidadeCodeSystem.html#EspecialidadeCodeSystem-38">38</a>
                </td>
                <td>http://ehrruner.com/fhir/StructureDefinition/CodeSystem/Especialidade</td>
                <td>Medicina preventiva e social</td>
              </tr>
              <tr>
                <td style="white-space:nowrap">
                  <a name="x-http://ehrruner.com/fhir/StructureDefinition/CodeSystem/Especialidade-39"> </a>  
                  <a href="CodeSystem-EspecialidadeCodeSystem.html#EspecialidadeCodeSystem-39">39</a>
                </td>
                <td>http://ehrruner.com/fhir/StructureDefinition/CodeSystem/Especialidade</td>
                <td>Nefrologia</td>
              </tr>
              <tr>
                <td style="white-space:nowrap">
                  <a name="x-http://ehrruner.com/fhir/StructureDefinition/CodeSystem/Especialidade-40"> </a>  
                  <a href="CodeSystem-EspecialidadeCodeSystem.html#EspecialidadeCodeSystem-40">40</a>
                </td>
                <td>http://ehrruner.com/fhir/StructureDefinition/CodeSystem/Especialidade</td>
                <td>Neurocirurgia</td>
              </tr>
              <tr>
                <td style="white-space:nowrap">
                  <a name="x-http://ehrruner.com/fhir/StructureDefinition/CodeSystem/Especialidade-41"> </a>  
                  <a href="CodeSystem-EspecialidadeCodeSystem.html#EspecialidadeCodeSystem-41">41</a>
                </td>
                <td>http://ehrruner.com/fhir/StructureDefinition/CodeSystem/Especialidade</td>
                <td>Neurologia</td>
              </tr>
              <tr>
                <td style="white-space:nowrap">
                  <a name="x-http://ehrruner.com/fhir/StructureDefinition/CodeSystem/Especialidade-42"> </a>  
                  <a href="CodeSystem-EspecialidadeCodeSystem.html#EspecialidadeCodeSystem-42">42</a>
                </td>
                <td>http://ehrruner.com/fhir/StructureDefinition/CodeSystem/Especialidade</td>
                <td>Nutrologia</td>
              </tr>
              <tr>
                <td style="white-space:nowrap">
                  <a name="x-http://ehrruner.com/fhir/StructureDefinition/CodeSystem/Especialidade-43"> </a>  
                  <a href="CodeSystem-EspecialidadeCodeSystem.html#EspecialidadeCodeSystem-43">43</a>
                </td>
                <td>http://ehrruner.com/fhir/StructureDefinition/CodeSystem/Especialidade</td>
                <td>Oftalmologia</td>
              </tr>
              <tr>
                <td style="white-space:nowrap">
                  <a name="x-http://ehrruner.com/fhir/StructureDefinition/CodeSystem/Especialidade-44"> </a>  
                  <a href="CodeSystem-EspecialidadeCodeSystem.html#EspecialidadeCodeSystem-44">44</a>
                </td>
                <td>http://ehrruner.com/fhir/StructureDefinition/CodeSystem/Especialidade</td>
                <td>Oncologia clínica</td>
              </tr>
              <tr>
                <td style="white-space:nowrap">
                  <a name="x-http://ehrruner.com/fhir/StructureDefinition/CodeSystem/Especialidade-45"> </a>  
                  <a href="CodeSystem-EspecialidadeCodeSystem.html#EspecialidadeCodeSystem-45">45</a>
                </td>
                <td>http://ehrruner.com/fhir/StructureDefinition/CodeSystem/Especialidade</td>
                <td>Ortopedia e traumatologia</td>
              </tr>
              <tr>
                <td style="white-space:nowrap">
                  <a name="x-http://ehrruner.com/fhir/StructureDefinition/CodeSystem/Especialidade-46"> </a>  
                  <a href="CodeSystem-EspecialidadeCodeSystem.html#EspecialidadeCodeSystem-46">46</a>
                </td>
                <td>http://ehrruner.com/fhir/StructureDefinition/CodeSystem/Especialidade</td>
                <td>Otorrinolaringologia</td>
              </tr>
              <tr>
                <td style="white-space:nowrap">
                  <a name="x-http://ehrruner.com/fhir/StructureDefinition/CodeSystem/Especialidade-47"> </a>  
                  <a href="CodeSystem-EspecialidadeCodeSystem.html#EspecialidadeCodeSystem-47">47</a>
                </td>
                <td>http://ehrruner.com/fhir/StructureDefinition/CodeSystem/Especialidade</td>
                <td>Patologia</td>
              </tr>
              <tr>
                <td style="white-space:nowrap">
                  <a name="x-http://ehrruner.com/fhir/StructureDefinition/CodeSystem/Especialidade-48"> </a>  
                  <a href="CodeSystem-EspecialidadeCodeSystem.html#EspecialidadeCodeSystem-48">48</a>
                </td>
                <td>http://ehrruner.com/fhir/StructureDefinition/CodeSystem/Especialidade</td>
                <td>Patologia clínica/medicina laboratorial</td>
              </tr>
              <tr>
                <td style="white-space:nowrap">
                  <a name="x-http://ehrruner.com/fhir/StructureDefinition/CodeSystem/Especialidade-49"> </a>  
                  <a href="CodeSystem-EspecialidadeCodeSystem.html#EspecialidadeCodeSystem-49">49</a>
                </td>
                <td>http://ehrruner.com/fhir/StructureDefinition/CodeSystem/Especialidade</td>
                <td>Pediatria</td>
              </tr>
              <tr>
                <td style="white-space:nowrap">
                  <a name="x-http://ehrruner.com/fhir/StructureDefinition/CodeSystem/Especialidade-50"> </a>  
                  <a href="CodeSystem-EspecialidadeCodeSystem.html#EspecialidadeCodeSystem-50">50</a>
                </td>
                <td>http://ehrruner.com/fhir/StructureDefinition/CodeSystem/Especialidade</td>
                <td>Pneumologia</td>
              </tr>
              <tr>
                <td style="white-space:nowrap">
                  <a name="x-http://ehrruner.com/fhir/StructureDefinition/CodeSystem/Especialidade-51"> </a>  
                  <a href="CodeSystem-EspecialidadeCodeSystem.html#EspecialidadeCodeSystem-51">51</a>
                </td>
                <td>http://ehrruner.com/fhir/StructureDefinition/CodeSystem/Especialidade</td>
                <td>Psiquiatria</td>
              </tr>
              <tr>
                <td style="white-space:nowrap">
                  <a name="x-http://ehrruner.com/fhir/StructureDefinition/CodeSystem/Especialidade-52"> </a>  
                  <a href="CodeSystem-EspecialidadeCodeSystem.html#EspecialidadeCodeSystem-52">52</a>
                </td>
                <td>http://ehrruner.com/fhir/StructureDefinition/CodeSystem/Especialidade</td>
                <td>Radiologia e diagnóstico por imagem</td>
              </tr>
              <tr>
                <td style="white-space:nowrap">
                  <a name="x-http://ehrruner.com/fhir/StructureDefinition/CodeSystem/Especialidade-53"> </a>  
                  <a href="CodeSystem-EspecialidadeCodeSystem.html#EspecialidadeCodeSystem-53">53</a>
                </td>
                <td>http://ehrruner.com/fhir/StructureDefinition/CodeSystem/Especialidade</td>
                <td>Radioterapia</td>
              </tr>
              <tr>
                <td style="white-space:nowrap">
                  <a name="x-http://ehrruner.com/fhir/StructureDefinition/CodeSystem/Especialidade-54"> </a>  
                  <a href="CodeSystem-EspecialidadeCodeSystem.html#EspecialidadeCodeSystem-54">54</a>
                </td>
                <td>http://ehrruner.com/fhir/StructureDefinition/CodeSystem/Especialidade</td>
                <td>Reumatologia</td>
              </tr>
              <tr>
                <td style="white-space:nowrap">
                  <a name="x-http://ehrruner.com/fhir/StructureDefinition/CodeSystem/Especialidade-55"> </a>  
                  <a href="CodeSystem-EspecialidadeCodeSystem.html#EspecialidadeCodeSystem-55">55</a>
                </td>
                <td>http://ehrruner.com/fhir/StructureDefinition/CodeSystem/Especialidade</td>
                <td>Urologia</td>
              </tr>
            </table>
          </div>
        </text>
        <url value="http://ehrruner.com/fhir/StructureDefinition/ValueSet/Especialidade"/>
        <version value="1.0.0"/>
        <name value="Especialidade"/>
        <title value="Especialidade"/>
        <status value="draft"/>
        <date value="2023-11-04T17:46:04.4163856+00:00"/>
        <expansion>
          <identifier value="urn:uuid:f3adc6f1-0505-4141-87d0-dd22e1466621"/>
          <timestamp value="2024-10-10T16:10:52-03:00"/>
          <total value="55"/>
          <offset value="0"/>
          <parameter>
            <name value="count"/>
            <valueInteger value="1000"/>
          </parameter>
          <parameter>
            <name value="offset"/>
            <valueInteger value="0"/>
          </parameter>
          <parameter>
            <name value="excludeNested"/>
            <valueBoolean value="false"/>
          </parameter>
          <parameter>
            <name value="used-codesystem"/>
            <valueUri value="http://ehrruner.com/fhir/StructureDefinition/CodeSystem/Especialidade|1.0.0"/>
          </parameter>
          <contains>
            <system value="http://ehrruner.com/fhir/StructureDefinition/CodeSystem/Especialidade"/>
            <code value="1"/>
            <display value="Acupuntura"/>
          </contains>
          <contains>
            <system value="http://ehrruner.com/fhir/StructureDefinition/CodeSystem/Especialidade"/>
            <code value="2"/>
            <display value="Alergia e imunologia"/>
          </contains>
          <contains>
            <system value="http://ehrruner.com/fhir/StructureDefinition/CodeSystem/Especialidade"/>
            <code value="3"/>
            <display value="Anestesiologia"/>
          </contains>
          <contains>
            <system value="http://ehrruner.com/fhir/StructureDefinition/CodeSystem/Especialidade"/>
            <code value="4"/>
            <display value="Angiologia"/>
          </contains>
          <contains>
            <system value="http://ehrruner.com/fhir/StructureDefinition/CodeSystem/Especialidade"/>
            <code value="5"/>
            <display value="Cardiologia"/>
          </contains>
          <contains>
            <system value="http://ehrruner.com/fhir/StructureDefinition/CodeSystem/Especialidade"/>
            <code value="6"/>
            <display value="Cirurgia cardiovascular"/>
          </contains>
          <contains>
            <system value="http://ehrruner.com/fhir/StructureDefinition/CodeSystem/Especialidade"/>
            <code value="7"/>
            <display value="Cirurgia da mão"/>
          </contains>
          <contains>
            <system value="http://ehrruner.com/fhir/StructureDefinition/CodeSystem/Especialidade"/>
            <code value="8"/>
            <display value="Cirurgia de cabeça e pescoço"/>
          </contains>
          <contains>
            <system value="http://ehrruner.com/fhir/StructureDefinition/CodeSystem/Especialidade"/>
            <code value="9"/>
            <display value="Cirurgia do aparelho digestivo"/>
          </contains>
          <contains>
            <system value="http://ehrruner.com/fhir/StructureDefinition/CodeSystem/Especialidade"/>
            <code value="10"/>
            <display value="Cirurgia geral"/>
          </contains>
          <contains>
            <system value="http://ehrruner.com/fhir/StructureDefinition/CodeSystem/Especialidade"/>
            <code value="11"/>
            <display value="Cirurgia oncológica"/>
          </contains>
          <contains>
            <system value="http://ehrruner.com/fhir/StructureDefinition/CodeSystem/Especialidade"/>
            <code value="12"/>
            <display value="Cirurgia pediátrica"/>
          </contains>
          <contains>
            <system value="http://ehrruner.com/fhir/StructureDefinition/CodeSystem/Especialidade"/>
            <code value="13"/>
            <display value="Cirurgia plástica"/>
          </contains>
          <contains>
            <system value="http://ehrruner.com/fhir/StructureDefinition/CodeSystem/Especialidade"/>
            <code value="14"/>
            <display value="Cirurgia torácica"/>
          </contains>
          <contains>
            <system value="http://ehrruner.com/fhir/StructureDefinition/CodeSystem/Especialidade"/>
            <code value="15"/>
            <display value="Cirurgia vascular"/>
          </contains>
          <contains>
            <system value="http://ehrruner.com/fhir/StructureDefinition/CodeSystem/Especialidade"/>
            <code value="16"/>
            <display value="Clínica médica"/>
          </contains>
          <contains>
            <system value="http://ehrruner.com/fhir/StructureDefinition/CodeSystem/Especialidade"/>
            <code value="17"/>
            <display value="Coloproctologia"/>
          </contains>
          <contains>
            <system value="http://ehrruner.com/fhir/StructureDefinition/CodeSystem/Especialidade"/>
            <code value="18"/>
            <display value="Dermatologia"/>
          </contains>
          <contains>
            <system value="http://ehrruner.com/fhir/StructureDefinition/CodeSystem/Especialidade"/>
            <code value="19"/>
            <display value="Endocrinologia e metabologia"/>
          </contains>
          <contains>
            <system value="http://ehrruner.com/fhir/StructureDefinition/CodeSystem/Especialidade"/>
            <code value="20"/>
            <display value="Endoscopia"/>
          </contains>
          <contains>
            <system value="http://ehrruner.com/fhir/StructureDefinition/CodeSystem/Especialidade"/>
            <code value="21"/>
            <display value="Gastroenterologia"/>
          </contains>
          <contains>
            <system value="http://ehrruner.com/fhir/StructureDefinition/CodeSystem/Especialidade"/>
            <code value="22"/>
            <display value="Genética médica"/>
          </contains>
          <contains>
            <system value="http://ehrruner.com/fhir/StructureDefinition/CodeSystem/Especialidade"/>
            <code value="23"/>
            <display value="Geriatria"/>
          </contains>
          <contains>
            <system value="http://ehrruner.com/fhir/StructureDefinition/CodeSystem/Especialidade"/>
            <code value="24"/>
            <display value="Ginecologia e obstetrícia"/>
          </contains>
          <contains>
            <system value="http://ehrruner.com/fhir/StructureDefinition/CodeSystem/Especialidade"/>
            <code value="25"/>
            <display value="Hematologia e hemoterapia"/>
          </contains>
          <contains>
            <system value="http://ehrruner.com/fhir/StructureDefinition/CodeSystem/Especialidade"/>
            <code value="26"/>
            <display value="Homeopatia"/>
          </contains>
          <contains>
            <system value="http://ehrruner.com/fhir/StructureDefinition/CodeSystem/Especialidade"/>
            <code value="27"/>
            <display value="Infectologia"/>
          </contains>
          <contains>
            <system value="http://ehrruner.com/fhir/StructureDefinition/CodeSystem/Especialidade"/>
            <code value="28"/>
            <display value="Mastologia"/>
          </contains>
          <contains>
            <system value="http://ehrruner.com/fhir/StructureDefinition/CodeSystem/Especialidade"/>
            <code value="29"/>
            <display value="Medicina de emergência"/>
          </contains>
          <contains>
            <system value="http://ehrruner.com/fhir/StructureDefinition/CodeSystem/Especialidade"/>
            <code value="30"/>
            <display value="Medicina de família e comunidade"/>
          </contains>
          <contains>
            <system value="http://ehrruner.com/fhir/StructureDefinition/CodeSystem/Especialidade"/>
            <code value="31"/>
            <display value="Medicina do trabalho"/>
          </contains>
          <contains>
            <system value="http://ehrruner.com/fhir/StructureDefinition/CodeSystem/Especialidade"/>
            <code value="32"/>
            <display value="Medicina de tráfego"/>
          </contains>
          <contains>
            <system value="http://ehrruner.com/fhir/StructureDefinition/CodeSystem/Especialidade"/>
            <code value="33"/>
            <display value="Medicina esportiva"/>
          </contains>
          <contains>
            <system value="http://ehrruner.com/fhir/StructureDefinition/CodeSystem/Especialidade"/>
            <code value="34"/>
            <display value="Medicina física e reabilitação"/>
          </contains>
          <contains>
            <system value="http://ehrruner.com/fhir/StructureDefinition/CodeSystem/Especialidade"/>
            <code value="35"/>
            <display value="Medicina intensiva"/>
          </contains>
          <contains>
            <system value="http://ehrruner.com/fhir/StructureDefinition/CodeSystem/Especialidade"/>
            <code value="36"/>
            <display value="Medicina legal e perícia médica"/>
          </contains>
          <contains>
            <system value="http://ehrruner.com/fhir/StructureDefinition/CodeSystem/Especialidade"/>
            <code value="37"/>
            <display value="Medicina nuclear"/>
          </contains>
          <contains>
            <system value="http://ehrruner.com/fhir/StructureDefinition/CodeSystem/Especialidade"/>
            <code value="38"/>
            <display value="Medicina preventiva e social"/>
          </contains>
          <contains>
            <system value="http://ehrruner.com/fhir/StructureDefinition/CodeSystem/Especialidade"/>
            <code value="39"/>
            <display value="Nefrologia"/>
          </contains>
          <contains>
            <system value="http://ehrruner.com/fhir/StructureDefinition/CodeSystem/Especialidade"/>
            <code value="40"/>
            <display value="Neurocirurgia"/>
          </contains>
          <contains>
            <system value="http://ehrruner.com/fhir/StructureDefinition/CodeSystem/Especialidade"/>
            <code value="41"/>
            <display value="Neurologia"/>
          </contains>
          <contains>
            <system value="http://ehrruner.com/fhir/StructureDefinition/CodeSystem/Especialidade"/>
            <code value="42"/>
            <display value="Nutrologia"/>
          </contains>
          <contains>
            <system value="http://ehrruner.com/fhir/StructureDefinition/CodeSystem/Especialidade"/>
            <code value="43"/>
            <display value="Oftalmologia"/>
          </contains>
          <contains>
            <system value="http://ehrruner.com/fhir/StructureDefinition/CodeSystem/Especialidade"/>
            <code value="44"/>
            <display value="Oncologia clínica"/>
          </contains>
          <contains>
            <system value="http://ehrruner.com/fhir/StructureDefinition/CodeSystem/Especialidade"/>
            <code value="45"/>
            <display value="Ortopedia e traumatologia"/>
          </contains>
          <contains>
            <system value="http://ehrruner.com/fhir/StructureDefinition/CodeSystem/Especialidade"/>
            <code value="46"/>
            <display value="Otorrinolaringologia"/>
          </contains>
          <contains>
            <system value="http://ehrruner.com/fhir/StructureDefinition/CodeSystem/Especialidade"/>
            <code value="47"/>
            <display value="Patologia"/>
          </contains>
          <contains>
            <system value="http://ehrruner.com/fhir/StructureDefinition/CodeSystem/Especialidade"/>
            <code value="48"/>
            <display value="Patologia clínica/medicina laboratorial"/>
          </contains>
          <contains>
            <system value="http://ehrruner.com/fhir/StructureDefinition/CodeSystem/Especialidade"/>
            <code value="49"/>
            <display value="Pediatria"/>
          </contains>
          <contains>
            <system value="http://ehrruner.com/fhir/StructureDefinition/CodeSystem/Especialidade"/>
            <code value="50"/>
            <display value="Pneumologia"/>
          </contains>
          <contains>
            <system value="http://ehrruner.com/fhir/StructureDefinition/CodeSystem/Especialidade"/>
            <code value="51"/>
            <display value="Psiquiatria"/>
          </contains>
          <contains>
            <system value="http://ehrruner.com/fhir/StructureDefinition/CodeSystem/Especialidade"/>
            <code value="52"/>
            <display value="Radiologia e diagnóstico por imagem"/>
          </contains>
          <contains>
            <system value="http://ehrruner.com/fhir/StructureDefinition/CodeSystem/Especialidade"/>
            <code value="53"/>
            <display value="Radioterapia"/>
          </contains>
          <contains>
            <system value="http://ehrruner.com/fhir/StructureDefinition/CodeSystem/Especialidade"/>
            <code value="54"/>
            <display value="Reumatologia"/>
          </contains>
          <contains>
            <system value="http://ehrruner.com/fhir/StructureDefinition/CodeSystem/Especialidade"/>
            <code value="55"/>
            <display value="Urologia"/>
          </contains>
        </expansion>
      </ValueSet>
    </resource>
  </entry>
  <entry>
    <fullUrl value="http://br-ipes.com/fhir/ValueSet/EventSummaryType"/>
    <resource>
      <ValueSet>
        <text>
          <status value="generated"/>
          <div xmlns="http://www.w3.org/1999/xhtml">
            <p class="res-header-id">
              <b>Generated Narrative: ValueSet </b>
            </p>
            <p style="border: black 1px dotted; background-color: #EEEEEE; padding: 8px; margin-bottom: 8px">Expansion based on 
              <a href="CodeSystem-EventSummaryTypeCodeSystem.html">codesystem EventSummaryType v1.0.0 (CodeSystem)</a>
            </p>
            <p>This value set contains 10 concepts</p>
            <table class="codes">
              <tr>
                <td style="white-space:nowrap">
                  <b>Code</b>
                </td>
                <td>
                  <b>System</b>
                </td>
                <td>
                  <b>Display</b>
                </td>
              </tr>
              <tr>
                <td style="white-space:nowrap">
                  <a name="x-http://br-ipes.com/fhir/CodeSystem/EventSummaryType-RAC"> </a>  
                  <a href="CodeSystem-EventSummaryTypeCodeSystem.html#EventSummaryTypeCodeSystem-RAC">RAC</a>
                </td>
                <td>http://br-ipes.com/fhir/CodeSystem/EventSummaryType</td>
                <td>Registro de Atendimento Clínico</td>
              </tr>
              <tr>
                <td style="white-space:nowrap">
                  <a name="x-http://br-ipes.com/fhir/CodeSystem/EventSummaryType-SA"> </a>  
                  <a href="CodeSystem-EventSummaryTypeCodeSystem.html#EventSummaryTypeCodeSystem-SA">SA</a>
                </td>
                <td>http://br-ipes.com/fhir/CodeSystem/EventSummaryType</td>
                <td>Sumário de Alta</td>
              </tr>
              <tr>
                <td style="white-space:nowrap">
                  <a name="x-http://br-ipes.com/fhir/CodeSystem/EventSummaryType-SPA"> </a>  
                  <a href="CodeSystem-EventSummaryTypeCodeSystem.html#EventSummaryTypeCodeSystem-SPA">SPA</a>
                </td>
                <td>http://br-ipes.com/fhir/CodeSystem/EventSummaryType</td>
                <td>Sumário de Pronto Atendimento</td>
              </tr>
              <tr>
                <td style="white-space:nowrap">
                  <a name="x-http://br-ipes.com/fhir/CodeSystem/EventSummaryType-REL"> </a>  
                  <a href="CodeSystem-EventSummaryTypeCodeSystem.html#EventSummaryTypeCodeSystem-REL">REL</a>
                </td>
                <td>http://br-ipes.com/fhir/CodeSystem/EventSummaryType</td>
                <td>Resultado de Exame Laboratorial</td>
              </tr>
              <tr>
                <td style="white-space:nowrap">
                  <a name="x-http://br-ipes.com/fhir/CodeSystem/EventSummaryType-REI"> </a>  
                  <a href="CodeSystem-EventSummaryTypeCodeSystem.html#EventSummaryTypeCodeSystem-REI">REI</a>
                </td>
                <td>http://br-ipes.com/fhir/CodeSystem/EventSummaryType</td>
                <td>Resultado de Exame de Imagem</td>
              </tr>
              <tr>
                <td style="white-space:nowrap">
                  <a name="x-http://br-ipes.com/fhir/CodeSystem/EventSummaryType-RPM"> </a>  
                  <a href="CodeSystem-EventSummaryTypeCodeSystem.html#EventSummaryTypeCodeSystem-RPM">RPM</a>
                </td>
                <td>http://br-ipes.com/fhir/CodeSystem/EventSummaryType</td>
                <td>Registro de Prescrição de Medicamento</td>
              </tr>
              <tr>
                <td style="white-space:nowrap">
                  <a name="x-http://br-ipes.com/fhir/CodeSystem/EventSummaryType-RDM"> </a>  
                  <a href="CodeSystem-EventSummaryTypeCodeSystem.html#EventSummaryTypeCodeSystem-RDM">RDM</a>
                </td>
                <td>http://br-ipes.com/fhir/CodeSystem/EventSummaryType</td>
                <td>Registro de Dispensação de Medicamento</td>
              </tr>
              <tr>
                <td style="white-space:nowrap">
                  <a name="x-http://br-ipes.com/fhir/CodeSystem/EventSummaryType-RIA"> </a>  
                  <a href="CodeSystem-EventSummaryTypeCodeSystem.html#EventSummaryTypeCodeSystem-RIA">RIA</a>
                </td>
                <td>http://br-ipes.com/fhir/CodeSystem/EventSummaryType</td>
                <td>Registro de Imunobiológico Administrado</td>
              </tr>
              <tr>
                <td style="white-space:nowrap">
                  <a name="x-http://br-ipes.com/fhir/CodeSystem/EventSummaryType-RRA"> </a>  
                  <a href="CodeSystem-EventSummaryTypeCodeSystem.html#EventSummaryTypeCodeSystem-RRA">RRA</a>
                </td>
                <td>http://br-ipes.com/fhir/CodeSystem/EventSummaryType</td>
                <td>Registro de Regulação Assistencial</td>
              </tr>
              <tr>
                <td style="white-space:nowrap">
                  <a name="x-http://br-ipes.com/fhir/CodeSystem/EventSummaryType-NVE"> </a>  
                  <a href="CodeSystem-EventSummaryTypeCodeSystem.html#EventSummaryTypeCodeSystem-NVE">NVE</a>
                </td>
                <td>http://br-ipes.com/fhir/CodeSystem/EventSummaryType</td>
                <td>Notificação da Vigilância Epidemiológica</td>
              </tr>
            </table>
          </div>
        </text>
        <url value="http://br-ipes.com/fhir/ValueSet/EventSummaryType"/>
        <version value="1.0.0"/>
        <name value="EventSummaryType"/>
        <title value="EventSummaryType"/>
        <status value="draft"/>
        <date value="2023-11-04T17:46:04.4163856+00:00"/>
        <expansion>
          <identifier value="urn:uuid:9e3a7665-3df5-47d9-a371-1f3303b62011"/>
          <timestamp value="2024-10-10T16:10:59-03:00"/>
          <total value="10"/>
          <offset value="0"/>
          <parameter>
            <name value="count"/>
            <valueInteger value="1000"/>
          </parameter>
          <parameter>
            <name value="offset"/>
            <valueInteger value="0"/>
          </parameter>
          <parameter>
            <name value="excludeNested"/>
            <valueBoolean value="false"/>
          </parameter>
          <parameter>
            <name value="used-codesystem"/>
            <valueUri value="http://br-ipes.com/fhir/CodeSystem/EventSummaryType|1.0.0"/>
          </parameter>
          <contains>
            <system value="http://br-ipes.com/fhir/CodeSystem/EventSummaryType"/>
            <code value="RAC"/>
            <display value="Registro de Atendimento Clínico"/>
          </contains>
          <contains>
            <system value="http://br-ipes.com/fhir/CodeSystem/EventSummaryType"/>
            <code value="SA"/>
            <display value="Sumário de Alta"/>
          </contains>
          <contains>
            <system value="http://br-ipes.com/fhir/CodeSystem/EventSummaryType"/>
            <code value="SPA"/>
            <display value="Sumário de Pronto Atendimento"/>
          </contains>
          <contains>
            <system value="http://br-ipes.com/fhir/CodeSystem/EventSummaryType"/>
            <code value="REL"/>
            <display value="Resultado de Exame Laboratorial"/>
          </contains>
          <contains>
            <system value="http://br-ipes.com/fhir/CodeSystem/EventSummaryType"/>
            <code value="REI"/>
            <display value="Resultado de Exame de Imagem"/>
          </contains>
          <contains>
            <system value="http://br-ipes.com/fhir/CodeSystem/EventSummaryType"/>
            <code value="RPM"/>
            <display value="Registro de Prescrição de Medicamento"/>
          </contains>
          <contains>
            <system value="http://br-ipes.com/fhir/CodeSystem/EventSummaryType"/>
            <code value="RDM"/>
            <display value="Registro de Dispensação de Medicamento"/>
          </contains>
          <contains>
            <system value="http://br-ipes.com/fhir/CodeSystem/EventSummaryType"/>
            <code value="RIA"/>
            <display value="Registro de Imunobiológico Administrado"/>
          </contains>
          <contains>
            <system value="http://br-ipes.com/fhir/CodeSystem/EventSummaryType"/>
            <code value="RRA"/>
            <display value="Registro de Regulação Assistencial"/>
          </contains>
          <contains>
            <system value="http://br-ipes.com/fhir/CodeSystem/EventSummaryType"/>
            <code value="NVE"/>
            <display value="Notificação da Vigilância Epidemiológica"/>
          </contains>
        </expansion>
      </ValueSet>
    </resource>
  </entry>
  <entry>
    <fullUrl value="http://ehrruner.com/fhir/StructureDefinition/ValueSet/NivelFederacao"/>
    <resource>
      <ValueSet>
        <text>
          <status value="generated"/>
          <div xmlns="http://www.w3.org/1999/xhtml">
            <p class="res-header-id">
              <b>Generated Narrative: ValueSet </b>
            </p>
            <p style="border: black 1px dotted; background-color: #EEEEEE; padding: 8px; margin-bottom: 8px">Expansion based on 
              <a href="CodeSystem-NivelFederacaoCodeSystem.html">codesystem Nível da Federação v1.0.0 (CodeSystem)</a>
            </p>
            <p>This value set contains 2 concepts</p>
            <table class="codes">
              <tr>
                <td style="white-space:nowrap">
                  <b>Code</b>
                </td>
                <td>
                  <b>System</b>
                </td>
                <td>
                  <b>Display</b>
                </td>
              </tr>
              <tr>
                <td style="white-space:nowrap">
                  <a name="x-http://ehrruner.com/fhir/StructureDefinition/CodeSystem/NivelFederacao-Organizacao"> </a>  
                  <a href="CodeSystem-NivelFederacaoCodeSystem.html#NivelFederacaoCodeSystem-Organizacao">Organizacao</a>
                </td>
                <td>http://ehrruner.com/fhir/StructureDefinition/CodeSystem/NivelFederacao</td>
                <td>Todos os profissionais de saúde da organização podem federar</td>
              </tr>
              <tr>
                <td style="white-space:nowrap">
                  <a name="x-http://ehrruner.com/fhir/StructureDefinition/CodeSystem/NivelFederacao-Individuo"> </a>  
                  <a href="CodeSystem-NivelFederacaoCodeSystem.html#NivelFederacaoCodeSystem-Individuo">Individuo</a>
                </td>
                <td>http://ehrruner.com/fhir/StructureDefinition/CodeSystem/NivelFederacao</td>
                <td>Apenas o profissional de saúde pode federar</td>
              </tr>
            </table>
          </div>
        </text>
        <url value="http://ehrruner.com/fhir/StructureDefinition/ValueSet/NivelFederacao"/>
        <version value="1.0.0"/>
        <name value="NivelFederacao"/>
        <title value="Nível da Federacao"/>
        <status value="draft"/>
        <date value="2023-11-04T17:46:04.4163856+00:00"/>
        <expansion>
          <identifier value="urn:uuid:09385624-a08e-49c7-aaf4-f40207c0d347"/>
          <timestamp value="2024-10-10T16:11:02-03:00"/>
          <total value="2"/>
          <offset value="0"/>
          <parameter>
            <name value="count"/>
            <valueInteger value="1000"/>
          </parameter>
          <parameter>
            <name value="offset"/>
            <valueInteger value="0"/>
          </parameter>
          <parameter>
            <name value="excludeNested"/>
            <valueBoolean value="false"/>
          </parameter>
          <parameter>
            <name value="used-codesystem"/>
            <valueUri value="http://ehrruner.com/fhir/StructureDefinition/CodeSystem/NivelFederacao|1.0.0"/>
          </parameter>
          <contains>
            <system value="http://ehrruner.com/fhir/StructureDefinition/CodeSystem/NivelFederacao"/>
            <code value="Organizacao"/>
            <display value="Todos os profissionais de saúde da organização podem federar"/>
          </contains>
          <contains>
            <system value="http://ehrruner.com/fhir/StructureDefinition/CodeSystem/NivelFederacao"/>
            <code value="Individuo"/>
            <display value="Apenas o profissional de saúde pode federar"/>
          </contains>
        </expansion>
      </ValueSet>
    </resource>
  </entry>
  <entry>
    <fullUrl value="http://br-ipes.com/fhir/ValueSet/ServiceRequestCategory"/>
    <resource>
      <ValueSet>
        <text>
          <status value="generated"/>
          <div xmlns="http://www.w3.org/1999/xhtml">
            <p class="res-header-id">
              <b>Generated Narrative: ValueSet </b>
            </p>
            <p style="border: black 1px dotted; background-color: #EEEEEE; padding: 8px; margin-bottom: 8px">Expansion based on 
              <a href="CodeSystem-ServiceRequestCategory.html">codesystem ServiceRequestCategory v1.0.0 (CodeSystem)</a>
            </p>
            <p>This value set contains 2 concepts</p>
            <table class="codes">
              <tr>
                <td style="white-space:nowrap">
                  <b>Code</b>
                </td>
                <td>
                  <b>System</b>
                </td>
                <td>
                  <b>Display</b>
                </td>
              </tr>
              <tr>
                <td style="white-space:nowrap">
                  <a name="x-http://br-ipes.com/fhir/CodeSystem/ServiceRequestCategory-SADT"> </a>  
                  <a href="CodeSystem-ServiceRequestCategory.html#ServiceRequestCategory-SADT">SADT</a>
                </td>
                <td>http://br-ipes.com/fhir/CodeSystem/ServiceRequestCategory</td>
                <td>Serviço Auxiliar de Diagnóstico ou Terapia</td>
              </tr>
              <tr>
                <td style="white-space:nowrap">
                  <a name="x-http://br-ipes.com/fhir/CodeSystem/ServiceRequestCategory-Referral"> </a>  
                  <a href="CodeSystem-ServiceRequestCategory.html#ServiceRequestCategory-Referral">Referral</a>
                </td>
                <td>http://br-ipes.com/fhir/CodeSystem/ServiceRequestCategory</td>
                <td>Referência (atenção especializada)</td>
              </tr>
            </table>
          </div>
        </text>
        <url value="http://br-ipes.com/fhir/ValueSet/ServiceRequestCategory"/>
        <version value="1.0.0"/>
        <name value="ServiceRequestCategory"/>
        <title value="ServiceRequestCategory"/>
        <status value="draft"/>
        <date value="2023-11-04T17:46:04.4163856+00:00"/>
        <expansion>
          <identifier value="urn:uuid:25af0532-aaa8-48ee-afee-ae0df656c511"/>
          <timestamp value="2024-10-10T16:11:07-03:00"/>
          <total value="2"/>
          <offset value="0"/>
          <parameter>
            <name value="count"/>
            <valueInteger value="1000"/>
          </parameter>
          <parameter>
            <name value="offset"/>
            <valueInteger value="0"/>
          </parameter>
          <parameter>
            <name value="excludeNested"/>
            <valueBoolean value="false"/>
          </parameter>
          <parameter>
            <name value="used-codesystem"/>
            <valueUri value="http://br-ipes.com/fhir/CodeSystem/ServiceRequestCategory|1.0.0"/>
          </parameter>
          <contains>
            <system value="http://br-ipes.com/fhir/CodeSystem/ServiceRequestCategory"/>
            <code value="SADT"/>
            <display value="Serviço Auxiliar de Diagnóstico ou Terapia"/>
          </contains>
          <contains>
            <system value="http://br-ipes.com/fhir/CodeSystem/ServiceRequestCategory"/>
            <code value="Referral"/>
            <display value="Referência (atenção especializada)"/>
          </contains>
        </expansion>
      </ValueSet>
    </resource>
  </entry>
</Bundle>