{
  "resourceType" : "Bundle",
  "id" : "f6bc9e03-3459-4073-badb-7d365b79829d",
  "meta" : {
    "lastUpdated" : "2024-10-10T15:46:28.648-03:00"
  },
  "type" : "collection",
  "entry" : [{
    "fullUrl" : "http://www.saude.gov.br/fhir/r4/ValueSet/BRMunicipio-1.0",
    "resource" : {
      "resourceType" : "ValueSet",
      "language" : "pt-BR",
      "text" : {
        "status" : "generated",
        "div" : "<div xmlns=\"http://www.w3.org/1999/xhtml\" xml:lang=\"pt-BR\" lang=\"pt-BR\"><p class=\"res-header-id\"><b>Generated Narrative: ValueSet </b></p><div style=\"display: inline-block; background-color: #d9e0e7; padding: 6px; margin: 4px; border: 1px solid #8da1b4; border-radius: 5px; line-height: 60%\"><p style=\"margin-bottom: 0px\">Language: pt-BR</p></div><p style=\"border: black 1px dotted; background-color: #EEEEEE; padding: 8px; margin-bottom: 8px\">Expansion based on <a href=\"CodeSystem-BRDivisaoGeograficaBrasilCodeSystem.html\">codesystem Divisão Geográfica do Brasil v1.0.0 (CodeSystem)</a></p><p>This value set contains 1 concepts</p><table class=\"codes\"><tr><td style=\"white-space:nowrap\"><b>Code</b></td><td><b>System</b></td><td><b>Display</b> - Portuguese (Brazil) (pt)</td></tr><tr><td style=\"white-space:nowrap\"><a name=\"x-http://www.saude.gov.br/fhir/r4/CodeSystem/BRDivisaoGeograficaBrasil-315780\"> </a>\u00a0\u00a0<a href=\"CodeSystem-BRDivisaoGeograficaBrasilCodeSystem.html#BRDivisaoGeograficaBrasilCodeSystem-315780\">315780</a></td><td>http://www.saude.gov.br/fhir/r4/CodeSystem/BRDivisaoGeograficaBrasil</td><td>Santa Luzia</td></tr></table></div>"
      },
      "url" : "http://www.saude.gov.br/fhir/r4/ValueSet/BRMunicipio-1.0",
      "version" : "1.0.0",
      "name" : "BRMunicipio",
      "title" : "Município",
      "status" : "active",
      "experimental" : false,
      "date" : "2020-03-11T19:17:52.0302375+00:00",
      "immutable" : false,
      "expansion" : {
        "identifier" : "urn:uuid:ac87b112-6f29-43fb-a179-8bcd5099bc71",
        "timestamp" : "2024-10-10T15:48:15-03:00",
        "total" : 1,
        "offset" : 0,
        "parameter" : [{
          "name" : "count",
          "valueInteger" : 1000
        },
        {
          "name" : "offset",
          "valueInteger" : 0
        },
        {
          "name" : "excludeNested",
          "valueBoolean" : false
        },
        {
          "name" : "used-codesystem",
          "valueUri" : "http://www.saude.gov.br/fhir/r4/CodeSystem/BRDivisaoGeograficaBrasil|1.0.0"
        }],
        "contains" : [{
          "system" : "http://www.saude.gov.br/fhir/r4/CodeSystem/BRDivisaoGeograficaBrasil",
          "code" : "315780",
          "display" : "Santa Luzia"
        }]
      }
    }
  },
  {
    "fullUrl" : "http://ehrrunner.com/fhir/ValueSet/EHRDocumentType",
    "resource" : {
      "resourceType" : "ValueSet",
      "text" : {
        "status" : "generated",
        "div" : "<div xmlns=\"http://www.w3.org/1999/xhtml\"><p class=\"res-header-id\"><b>Generated Narrative: ValueSet </b></p><p style=\"border: black 1px dotted; background-color: #EEEEEE; padding: 8px; margin-bottom: 8px\">Expansion based on <a href=\"CodeSystem-EHRDocumentTypeCodeSystem.html\">codesystem EHRDocumentType v1.0.0 (CodeSystem)</a></p><p>This value set contains 10 concepts</p><table class=\"codes\"><tr><td style=\"white-space:nowrap\"><b>Code</b></td><td><b>System</b></td><td><b>Display</b></td></tr><tr><td style=\"white-space:nowrap\"><a name=\"x-http://ehrrunner.com/fhir/CodeSystem/EHRDocumentType-RegistroAtendimentoCl|ednico.v4.1\"> </a>\u00a0\u00a0<a href=\"CodeSystem-EHRDocumentTypeCodeSystem.html#EHRDocumentTypeCodeSystem-RegistroAtendimentoCl.237nico.46v4.461\">RegistroAtendimentoClínico.v4.1</a></td><td>http://ehrrunner.com/fhir/CodeSystem/EHRDocumentType</td><td>RAC 4.1</td></tr><tr><td style=\"white-space:nowrap\"><a name=\"x-http://ehrrunner.com/fhir/CodeSystem/EHRDocumentType-RegistroAtendimentoCl|ednico.v4.2\"> </a>\u00a0\u00a0<a href=\"CodeSystem-EHRDocumentTypeCodeSystem.html#EHRDocumentTypeCodeSystem-RegistroAtendimentoCl.237nico.46v4.462\">RegistroAtendimentoClínico.v4.2</a></td><td>http://ehrrunner.com/fhir/CodeSystem/EHRDocumentType</td><td>RAC 4.2</td></tr><tr><td style=\"white-space:nowrap\"><a name=\"x-http://ehrrunner.com/fhir/CodeSystem/EHRDocumentType-Registro|20de|20Atendimento|20Cl|ednico|20v1.0\"> </a>\u00a0\u00a0<a href=\"CodeSystem-EHRDocumentTypeCodeSystem.html#EHRDocumentTypeCodeSystem-RegistrodeAtendimentoCl.237nicov1.460\">Registro de Atendimento Clínico v1.0</a></td><td>http://ehrrunner.com/fhir/CodeSystem/EHRDocumentType</td><td>RAC 1.0</td></tr><tr><td style=\"white-space:nowrap\"><a name=\"x-http://ehrrunner.com/fhir/CodeSystem/EHRDocumentType-Sum|e1rio|20de|20Alta|20v1.0\"> </a>\u00a0\u00a0<a href=\"CodeSystem-EHRDocumentTypeCodeSystem.html#EHRDocumentTypeCodeSystem-Sum.225riodeAltav1.460\">Sumário de Alta v1.0</a></td><td>http://ehrrunner.com/fhir/CodeSystem/EHRDocumentType</td><td>SA 1.0</td></tr><tr><td style=\"white-space:nowrap\"><a name=\"x-http://ehrrunner.com/fhir/CodeSystem/EHRDocumentType-Sum|e1rioAlta.v4.0\"> </a>\u00a0\u00a0<a href=\"CodeSystem-EHRDocumentTypeCodeSystem.html#EHRDocumentTypeCodeSystem-Sum.225rioAlta.46v4.460\">SumárioAlta.v4.0</a></td><td>http://ehrrunner.com/fhir/CodeSystem/EHRDocumentType</td><td>SA 4.0</td></tr><tr><td style=\"white-space:nowrap\"><a name=\"x-http://ehrrunner.com/fhir/CodeSystem/EHRDocumentType-ColetaDadosSimplificada.v4.1\"> </a>\u00a0\u00a0<a href=\"CodeSystem-EHRDocumentTypeCodeSystem.html#EHRDocumentTypeCodeSystem-ColetaDadosSimplificada.46v4.461\">ColetaDadosSimplificada.v4.1</a></td><td>http://ehrrunner.com/fhir/CodeSystem/EHRDocumentType</td><td>CDS 4.1</td></tr><tr><td style=\"white-space:nowrap\"><a name=\"x-http://ehrrunner.com/fhir/CodeSystem/EHRDocumentType-Sum|e1rio|20Pronto|20Atendimento|20HAOC|20v|202.0\"> </a>\u00a0\u00a0<a href=\"CodeSystem-EHRDocumentTypeCodeSystem.html#EHRDocumentTypeCodeSystem-Sum.225rioProntoAtendimentoHAOCv2.460\">Sumário Pronto Atendimento HAOC v 2.0</a></td><td>http://ehrrunner.com/fhir/CodeSystem/EHRDocumentType</td><td>SPA 2.0</td></tr><tr><td style=\"white-space:nowrap\"><a name=\"x-http://ehrrunner.com/fhir/CodeSystem/EHRDocumentType-Sum|e1rio|20Pronto|20Atendimento|20HAOC|20v|202.1\"> </a>\u00a0\u00a0<a href=\"CodeSystem-EHRDocumentTypeCodeSystem.html#EHRDocumentTypeCodeSystem-Sum.225rioProntoAtendimentoHAOCv2.461\">Sumário Pronto Atendimento HAOC v 2.1</a></td><td>http://ehrrunner.com/fhir/CodeSystem/EHRDocumentType</td><td>SPA 2.1</td></tr><tr><td style=\"white-space:nowrap\"><a name=\"x-http://ehrrunner.com/fhir/CodeSystem/EHRDocumentType-SHROP|20-|20COVID19|20laboratory|20report.v1.0\"> </a>\u00a0\u00a0<a href=\"CodeSystem-EHRDocumentTypeCodeSystem.html#EHRDocumentTypeCodeSystem-SHROP-COVID19laboratoryreport.46v1.460\">SHROP - COVID19 laboratory report.v1.0</a></td><td>http://ehrrunner.com/fhir/CodeSystem/EHRDocumentType</td><td>REL COVID19 1.0</td></tr><tr><td style=\"white-space:nowrap\"><a name=\"x-http://ehrrunner.com/fhir/CodeSystem/EHRDocumentType-SHROP|20-|20COVID19|20immunization|20report.v1.0\"> </a>\u00a0\u00a0<a href=\"CodeSystem-EHRDocumentTypeCodeSystem.html#EHRDocumentTypeCodeSystem-SHROP-COVID19immunizationreport.46v1.460\">SHROP - COVID19 immunization report.v1.0</a></td><td>http://ehrrunner.com/fhir/CodeSystem/EHRDocumentType</td><td>RIA COVID19 1.0</td></tr></table></div>"
      },
      "url" : "http://ehrrunner.com/fhir/ValueSet/EHRDocumentType",
      "version" : "1.0.0",
      "name" : "EHRDocumentType",
      "title" : "EHRDocumentType",
      "status" : "draft",
      "date" : "2023-11-04T17:46:04.4163856+00:00",
      "expansion" : {
        "identifier" : "urn:uuid:119aaab0-0b1a-430a-9b71-5fcda0959a12",
        "timestamp" : "2024-10-10T15:48:19-03:00",
        "total" : 10,
        "offset" : 0,
        "parameter" : [{
          "name" : "count",
          "valueInteger" : 1000
        },
        {
          "name" : "offset",
          "valueInteger" : 0
        },
        {
          "name" : "excludeNested",
          "valueBoolean" : false
        },
        {
          "name" : "used-codesystem",
          "valueUri" : "http://ehrrunner.com/fhir/CodeSystem/EHRDocumentType|1.0.0"
        }],
        "contains" : [{
          "system" : "http://ehrrunner.com/fhir/CodeSystem/EHRDocumentType",
          "code" : "RegistroAtendimentoClínico.v4.1",
          "display" : "RAC 4.1"
        },
        {
          "system" : "http://ehrrunner.com/fhir/CodeSystem/EHRDocumentType",
          "code" : "RegistroAtendimentoClínico.v4.2",
          "display" : "RAC 4.2"
        },
        {
          "system" : "http://ehrrunner.com/fhir/CodeSystem/EHRDocumentType",
          "code" : "Registro de Atendimento Clínico v1.0",
          "display" : "RAC 1.0"
        },
        {
          "system" : "http://ehrrunner.com/fhir/CodeSystem/EHRDocumentType",
          "code" : "Sumário de Alta v1.0",
          "display" : "SA 1.0"
        },
        {
          "system" : "http://ehrrunner.com/fhir/CodeSystem/EHRDocumentType",
          "code" : "SumárioAlta.v4.0",
          "display" : "SA 4.0"
        },
        {
          "system" : "http://ehrrunner.com/fhir/CodeSystem/EHRDocumentType",
          "code" : "ColetaDadosSimplificada.v4.1",
          "display" : "CDS 4.1"
        },
        {
          "system" : "http://ehrrunner.com/fhir/CodeSystem/EHRDocumentType",
          "code" : "Sumário Pronto Atendimento HAOC v 2.0",
          "display" : "SPA 2.0"
        },
        {
          "system" : "http://ehrrunner.com/fhir/CodeSystem/EHRDocumentType",
          "code" : "Sumário Pronto Atendimento HAOC v 2.1",
          "display" : "SPA 2.1"
        },
        {
          "system" : "http://ehrrunner.com/fhir/CodeSystem/EHRDocumentType",
          "code" : "SHROP - COVID19 laboratory report.v1.0",
          "display" : "REL COVID19 1.0"
        },
        {
          "system" : "http://ehrrunner.com/fhir/CodeSystem/EHRDocumentType",
          "code" : "SHROP - COVID19 immunization report.v1.0",
          "display" : "RIA COVID19 1.0"
        }]
      }
    }
  },
  {
    "fullUrl" : "http://ehrruner.com/fhir/StructureDefinition/ValueSet/Especialidade",
    "resource" : {
      "resourceType" : "ValueSet",
      "text" : {
        "status" : "generated",
        "div" : "<div xmlns=\"http://www.w3.org/1999/xhtml\"><p class=\"res-header-id\"><b>Generated Narrative: ValueSet </b></p><p style=\"border: black 1px dotted; background-color: #EEEEEE; padding: 8px; margin-bottom: 8px\">Expansion based on <a href=\"CodeSystem-EspecialidadeCodeSystem.html\">codesystem Especialidade v1.0.0 (CodeSystem)</a></p><p>This value set contains 55 concepts</p><table class=\"codes\"><tr><td style=\"white-space:nowrap\"><b>Code</b></td><td><b>System</b></td><td><b>Display</b></td></tr><tr><td style=\"white-space:nowrap\"><a name=\"x-http://ehrruner.com/fhir/StructureDefinition/CodeSystem/Especialidade-1\"> </a>\u00a0\u00a0<a href=\"CodeSystem-EspecialidadeCodeSystem.html#EspecialidadeCodeSystem-1\">1</a></td><td>http://ehrruner.com/fhir/StructureDefinition/CodeSystem/Especialidade</td><td>Acupuntura</td></tr><tr><td style=\"white-space:nowrap\"><a name=\"x-http://ehrruner.com/fhir/StructureDefinition/CodeSystem/Especialidade-2\"> </a>\u00a0\u00a0<a href=\"CodeSystem-EspecialidadeCodeSystem.html#EspecialidadeCodeSystem-2\">2</a></td><td>http://ehrruner.com/fhir/StructureDefinition/CodeSystem/Especialidade</td><td>Alergia e imunologia</td></tr><tr><td style=\"white-space:nowrap\"><a name=\"x-http://ehrruner.com/fhir/StructureDefinition/CodeSystem/Especialidade-3\"> </a>\u00a0\u00a0<a href=\"CodeSystem-EspecialidadeCodeSystem.html#EspecialidadeCodeSystem-3\">3</a></td><td>http://ehrruner.com/fhir/StructureDefinition/CodeSystem/Especialidade</td><td>Anestesiologia</td></tr><tr><td style=\"white-space:nowrap\"><a name=\"x-http://ehrruner.com/fhir/StructureDefinition/CodeSystem/Especialidade-4\"> </a>\u00a0\u00a0<a href=\"CodeSystem-EspecialidadeCodeSystem.html#EspecialidadeCodeSystem-4\">4</a></td><td>http://ehrruner.com/fhir/StructureDefinition/CodeSystem/Especialidade</td><td>Angiologia</td></tr><tr><td style=\"white-space:nowrap\"><a name=\"x-http://ehrruner.com/fhir/StructureDefinition/CodeSystem/Especialidade-5\"> </a>\u00a0\u00a0<a href=\"CodeSystem-EspecialidadeCodeSystem.html#EspecialidadeCodeSystem-5\">5</a></td><td>http://ehrruner.com/fhir/StructureDefinition/CodeSystem/Especialidade</td><td>Cardiologia</td></tr><tr><td style=\"white-space:nowrap\"><a name=\"x-http://ehrruner.com/fhir/StructureDefinition/CodeSystem/Especialidade-6\"> </a>\u00a0\u00a0<a href=\"CodeSystem-EspecialidadeCodeSystem.html#EspecialidadeCodeSystem-6\">6</a></td><td>http://ehrruner.com/fhir/StructureDefinition/CodeSystem/Especialidade</td><td>Cirurgia cardiovascular</td></tr><tr><td style=\"white-space:nowrap\"><a name=\"x-http://ehrruner.com/fhir/StructureDefinition/CodeSystem/Especialidade-7\"> </a>\u00a0\u00a0<a href=\"CodeSystem-EspecialidadeCodeSystem.html#EspecialidadeCodeSystem-7\">7</a></td><td>http://ehrruner.com/fhir/StructureDefinition/CodeSystem/Especialidade</td><td>Cirurgia da mão</td></tr><tr><td style=\"white-space:nowrap\"><a name=\"x-http://ehrruner.com/fhir/StructureDefinition/CodeSystem/Especialidade-8\"> </a>\u00a0\u00a0<a href=\"CodeSystem-EspecialidadeCodeSystem.html#EspecialidadeCodeSystem-8\">8</a></td><td>http://ehrruner.com/fhir/StructureDefinition/CodeSystem/Especialidade</td><td>Cirurgia de cabeça e pescoço</td></tr><tr><td style=\"white-space:nowrap\"><a name=\"x-http://ehrruner.com/fhir/StructureDefinition/CodeSystem/Especialidade-9\"> </a>\u00a0\u00a0<a href=\"CodeSystem-EspecialidadeCodeSystem.html#EspecialidadeCodeSystem-9\">9</a></td><td>http://ehrruner.com/fhir/StructureDefinition/CodeSystem/Especialidade</td><td>Cirurgia do aparelho digestivo</td></tr><tr><td style=\"white-space:nowrap\"><a name=\"x-http://ehrruner.com/fhir/StructureDefinition/CodeSystem/Especialidade-10\"> </a>\u00a0\u00a0<a href=\"CodeSystem-EspecialidadeCodeSystem.html#EspecialidadeCodeSystem-10\">10</a></td><td>http://ehrruner.com/fhir/StructureDefinition/CodeSystem/Especialidade</td><td>Cirurgia geral</td></tr><tr><td style=\"white-space:nowrap\"><a name=\"x-http://ehrruner.com/fhir/StructureDefinition/CodeSystem/Especialidade-11\"> </a>\u00a0\u00a0<a href=\"CodeSystem-EspecialidadeCodeSystem.html#EspecialidadeCodeSystem-11\">11</a></td><td>http://ehrruner.com/fhir/StructureDefinition/CodeSystem/Especialidade</td><td>Cirurgia oncológica</td></tr><tr><td style=\"white-space:nowrap\"><a name=\"x-http://ehrruner.com/fhir/StructureDefinition/CodeSystem/Especialidade-12\"> </a>\u00a0\u00a0<a href=\"CodeSystem-EspecialidadeCodeSystem.html#EspecialidadeCodeSystem-12\">12</a></td><td>http://ehrruner.com/fhir/StructureDefinition/CodeSystem/Especialidade</td><td>Cirurgia pediátrica</td></tr><tr><td style=\"white-space:nowrap\"><a name=\"x-http://ehrruner.com/fhir/StructureDefinition/CodeSystem/Especialidade-13\"> </a>\u00a0\u00a0<a href=\"CodeSystem-EspecialidadeCodeSystem.html#EspecialidadeCodeSystem-13\">13</a></td><td>http://ehrruner.com/fhir/StructureDefinition/CodeSystem/Especialidade</td><td>Cirurgia plástica</td></tr><tr><td style=\"white-space:nowrap\"><a name=\"x-http://ehrruner.com/fhir/StructureDefinition/CodeSystem/Especialidade-14\"> </a>\u00a0\u00a0<a href=\"CodeSystem-EspecialidadeCodeSystem.html#EspecialidadeCodeSystem-14\">14</a></td><td>http://ehrruner.com/fhir/StructureDefinition/CodeSystem/Especialidade</td><td>Cirurgia torácica</td></tr><tr><td style=\"white-space:nowrap\"><a name=\"x-http://ehrruner.com/fhir/StructureDefinition/CodeSystem/Especialidade-15\"> </a>\u00a0\u00a0<a href=\"CodeSystem-EspecialidadeCodeSystem.html#EspecialidadeCodeSystem-15\">15</a></td><td>http://ehrruner.com/fhir/StructureDefinition/CodeSystem/Especialidade</td><td>Cirurgia vascular</td></tr><tr><td style=\"white-space:nowrap\"><a name=\"x-http://ehrruner.com/fhir/StructureDefinition/CodeSystem/Especialidade-16\"> </a>\u00a0\u00a0<a href=\"CodeSystem-EspecialidadeCodeSystem.html#EspecialidadeCodeSystem-16\">16</a></td><td>http://ehrruner.com/fhir/StructureDefinition/CodeSystem/Especialidade</td><td>Clínica médica</td></tr><tr><td style=\"white-space:nowrap\"><a name=\"x-http://ehrruner.com/fhir/StructureDefinition/CodeSystem/Especialidade-17\"> </a>\u00a0\u00a0<a href=\"CodeSystem-EspecialidadeCodeSystem.html#EspecialidadeCodeSystem-17\">17</a></td><td>http://ehrruner.com/fhir/StructureDefinition/CodeSystem/Especialidade</td><td>Coloproctologia</td></tr><tr><td style=\"white-space:nowrap\"><a name=\"x-http://ehrruner.com/fhir/StructureDefinition/CodeSystem/Especialidade-18\"> </a>\u00a0\u00a0<a href=\"CodeSystem-EspecialidadeCodeSystem.html#EspecialidadeCodeSystem-18\">18</a></td><td>http://ehrruner.com/fhir/StructureDefinition/CodeSystem/Especialidade</td><td>Dermatologia</td></tr><tr><td style=\"white-space:nowrap\"><a name=\"x-http://ehrruner.com/fhir/StructureDefinition/CodeSystem/Especialidade-19\"> </a>\u00a0\u00a0<a href=\"CodeSystem-EspecialidadeCodeSystem.html#EspecialidadeCodeSystem-19\">19</a></td><td>http://ehrruner.com/fhir/StructureDefinition/CodeSystem/Especialidade</td><td>Endocrinologia e metabologia</td></tr><tr><td style=\"white-space:nowrap\"><a name=\"x-http://ehrruner.com/fhir/StructureDefinition/CodeSystem/Especialidade-20\"> </a>\u00a0\u00a0<a href=\"CodeSystem-EspecialidadeCodeSystem.html#EspecialidadeCodeSystem-20\">20</a></td><td>http://ehrruner.com/fhir/StructureDefinition/CodeSystem/Especialidade</td><td>Endoscopia</td></tr><tr><td style=\"white-space:nowrap\"><a name=\"x-http://ehrruner.com/fhir/StructureDefinition/CodeSystem/Especialidade-21\"> </a>\u00a0\u00a0<a href=\"CodeSystem-EspecialidadeCodeSystem.html#EspecialidadeCodeSystem-21\">21</a></td><td>http://ehrruner.com/fhir/StructureDefinition/CodeSystem/Especialidade</td><td>Gastroenterologia</td></tr><tr><td style=\"white-space:nowrap\"><a name=\"x-http://ehrruner.com/fhir/StructureDefinition/CodeSystem/Especialidade-22\"> </a>\u00a0\u00a0<a href=\"CodeSystem-EspecialidadeCodeSystem.html#EspecialidadeCodeSystem-22\">22</a></td><td>http://ehrruner.com/fhir/StructureDefinition/CodeSystem/Especialidade</td><td>Genética médica</td></tr><tr><td style=\"white-space:nowrap\"><a name=\"x-http://ehrruner.com/fhir/StructureDefinition/CodeSystem/Especialidade-23\"> </a>\u00a0\u00a0<a href=\"CodeSystem-EspecialidadeCodeSystem.html#EspecialidadeCodeSystem-23\">23</a></td><td>http://ehrruner.com/fhir/StructureDefinition/CodeSystem/Especialidade</td><td>Geriatria</td></tr><tr><td style=\"white-space:nowrap\"><a name=\"x-http://ehrruner.com/fhir/StructureDefinition/CodeSystem/Especialidade-24\"> </a>\u00a0\u00a0<a href=\"CodeSystem-EspecialidadeCodeSystem.html#EspecialidadeCodeSystem-24\">24</a></td><td>http://ehrruner.com/fhir/StructureDefinition/CodeSystem/Especialidade</td><td>Ginecologia e obstetrícia</td></tr><tr><td style=\"white-space:nowrap\"><a name=\"x-http://ehrruner.com/fhir/StructureDefinition/CodeSystem/Especialidade-25\"> </a>\u00a0\u00a0<a href=\"CodeSystem-EspecialidadeCodeSystem.html#EspecialidadeCodeSystem-25\">25</a></td><td>http://ehrruner.com/fhir/StructureDefinition/CodeSystem/Especialidade</td><td>Hematologia e hemoterapia</td></tr><tr><td style=\"white-space:nowrap\"><a name=\"x-http://ehrruner.com/fhir/StructureDefinition/CodeSystem/Especialidade-26\"> </a>\u00a0\u00a0<a href=\"CodeSystem-EspecialidadeCodeSystem.html#EspecialidadeCodeSystem-26\">26</a></td><td>http://ehrruner.com/fhir/StructureDefinition/CodeSystem/Especialidade</td><td>Homeopatia</td></tr><tr><td style=\"white-space:nowrap\"><a name=\"x-http://ehrruner.com/fhir/StructureDefinition/CodeSystem/Especialidade-27\"> </a>\u00a0\u00a0<a href=\"CodeSystem-EspecialidadeCodeSystem.html#EspecialidadeCodeSystem-27\">27</a></td><td>http://ehrruner.com/fhir/StructureDefinition/CodeSystem/Especialidade</td><td>Infectologia</td></tr><tr><td style=\"white-space:nowrap\"><a name=\"x-http://ehrruner.com/fhir/StructureDefinition/CodeSystem/Especialidade-28\"> </a>\u00a0\u00a0<a href=\"CodeSystem-EspecialidadeCodeSystem.html#EspecialidadeCodeSystem-28\">28</a></td><td>http://ehrruner.com/fhir/StructureDefinition/CodeSystem/Especialidade</td><td>Mastologia</td></tr><tr><td style=\"white-space:nowrap\"><a name=\"x-http://ehrruner.com/fhir/StructureDefinition/CodeSystem/Especialidade-29\"> </a>\u00a0\u00a0<a href=\"CodeSystem-EspecialidadeCodeSystem.html#EspecialidadeCodeSystem-29\">29</a></td><td>http://ehrruner.com/fhir/StructureDefinition/CodeSystem/Especialidade</td><td>Medicina de emergência</td></tr><tr><td style=\"white-space:nowrap\"><a name=\"x-http://ehrruner.com/fhir/StructureDefinition/CodeSystem/Especialidade-30\"> </a>\u00a0\u00a0<a href=\"CodeSystem-EspecialidadeCodeSystem.html#EspecialidadeCodeSystem-30\">30</a></td><td>http://ehrruner.com/fhir/StructureDefinition/CodeSystem/Especialidade</td><td>Medicina de família e comunidade</td></tr><tr><td style=\"white-space:nowrap\"><a name=\"x-http://ehrruner.com/fhir/StructureDefinition/CodeSystem/Especialidade-31\"> </a>\u00a0\u00a0<a href=\"CodeSystem-EspecialidadeCodeSystem.html#EspecialidadeCodeSystem-31\">31</a></td><td>http://ehrruner.com/fhir/StructureDefinition/CodeSystem/Especialidade</td><td>Medicina do trabalho</td></tr><tr><td style=\"white-space:nowrap\"><a name=\"x-http://ehrruner.com/fhir/StructureDefinition/CodeSystem/Especialidade-32\"> </a>\u00a0\u00a0<a href=\"CodeSystem-EspecialidadeCodeSystem.html#EspecialidadeCodeSystem-32\">32</a></td><td>http://ehrruner.com/fhir/StructureDefinition/CodeSystem/Especialidade</td><td>Medicina de tráfego</td></tr><tr><td style=\"white-space:nowrap\"><a name=\"x-http://ehrruner.com/fhir/StructureDefinition/CodeSystem/Especialidade-33\"> </a>\u00a0\u00a0<a href=\"CodeSystem-EspecialidadeCodeSystem.html#EspecialidadeCodeSystem-33\">33</a></td><td>http://ehrruner.com/fhir/StructureDefinition/CodeSystem/Especialidade</td><td>Medicina esportiva</td></tr><tr><td style=\"white-space:nowrap\"><a name=\"x-http://ehrruner.com/fhir/StructureDefinition/CodeSystem/Especialidade-34\"> </a>\u00a0\u00a0<a href=\"CodeSystem-EspecialidadeCodeSystem.html#EspecialidadeCodeSystem-34\">34</a></td><td>http://ehrruner.com/fhir/StructureDefinition/CodeSystem/Especialidade</td><td>Medicina física e reabilitação</td></tr><tr><td style=\"white-space:nowrap\"><a name=\"x-http://ehrruner.com/fhir/StructureDefinition/CodeSystem/Especialidade-35\"> </a>\u00a0\u00a0<a href=\"CodeSystem-EspecialidadeCodeSystem.html#EspecialidadeCodeSystem-35\">35</a></td><td>http://ehrruner.com/fhir/StructureDefinition/CodeSystem/Especialidade</td><td>Medicina intensiva</td></tr><tr><td style=\"white-space:nowrap\"><a name=\"x-http://ehrruner.com/fhir/StructureDefinition/CodeSystem/Especialidade-36\"> </a>\u00a0\u00a0<a href=\"CodeSystem-EspecialidadeCodeSystem.html#EspecialidadeCodeSystem-36\">36</a></td><td>http://ehrruner.com/fhir/StructureDefinition/CodeSystem/Especialidade</td><td>Medicina legal e perícia médica</td></tr><tr><td style=\"white-space:nowrap\"><a name=\"x-http://ehrruner.com/fhir/StructureDefinition/CodeSystem/Especialidade-37\"> </a>\u00a0\u00a0<a href=\"CodeSystem-EspecialidadeCodeSystem.html#EspecialidadeCodeSystem-37\">37</a></td><td>http://ehrruner.com/fhir/StructureDefinition/CodeSystem/Especialidade</td><td>Medicina nuclear</td></tr><tr><td style=\"white-space:nowrap\"><a name=\"x-http://ehrruner.com/fhir/StructureDefinition/CodeSystem/Especialidade-38\"> </a>\u00a0\u00a0<a href=\"CodeSystem-EspecialidadeCodeSystem.html#EspecialidadeCodeSystem-38\">38</a></td><td>http://ehrruner.com/fhir/StructureDefinition/CodeSystem/Especialidade</td><td>Medicina preventiva e social</td></tr><tr><td style=\"white-space:nowrap\"><a name=\"x-http://ehrruner.com/fhir/StructureDefinition/CodeSystem/Especialidade-39\"> </a>\u00a0\u00a0<a href=\"CodeSystem-EspecialidadeCodeSystem.html#EspecialidadeCodeSystem-39\">39</a></td><td>http://ehrruner.com/fhir/StructureDefinition/CodeSystem/Especialidade</td><td>Nefrologia</td></tr><tr><td style=\"white-space:nowrap\"><a name=\"x-http://ehrruner.com/fhir/StructureDefinition/CodeSystem/Especialidade-40\"> </a>\u00a0\u00a0<a href=\"CodeSystem-EspecialidadeCodeSystem.html#EspecialidadeCodeSystem-40\">40</a></td><td>http://ehrruner.com/fhir/StructureDefinition/CodeSystem/Especialidade</td><td>Neurocirurgia</td></tr><tr><td style=\"white-space:nowrap\"><a name=\"x-http://ehrruner.com/fhir/StructureDefinition/CodeSystem/Especialidade-41\"> </a>\u00a0\u00a0<a href=\"CodeSystem-EspecialidadeCodeSystem.html#EspecialidadeCodeSystem-41\">41</a></td><td>http://ehrruner.com/fhir/StructureDefinition/CodeSystem/Especialidade</td><td>Neurologia</td></tr><tr><td style=\"white-space:nowrap\"><a name=\"x-http://ehrruner.com/fhir/StructureDefinition/CodeSystem/Especialidade-42\"> </a>\u00a0\u00a0<a href=\"CodeSystem-EspecialidadeCodeSystem.html#EspecialidadeCodeSystem-42\">42</a></td><td>http://ehrruner.com/fhir/StructureDefinition/CodeSystem/Especialidade</td><td>Nutrologia</td></tr><tr><td style=\"white-space:nowrap\"><a name=\"x-http://ehrruner.com/fhir/StructureDefinition/CodeSystem/Especialidade-43\"> </a>\u00a0\u00a0<a href=\"CodeSystem-EspecialidadeCodeSystem.html#EspecialidadeCodeSystem-43\">43</a></td><td>http://ehrruner.com/fhir/StructureDefinition/CodeSystem/Especialidade</td><td>Oftalmologia</td></tr><tr><td style=\"white-space:nowrap\"><a name=\"x-http://ehrruner.com/fhir/StructureDefinition/CodeSystem/Especialidade-44\"> </a>\u00a0\u00a0<a href=\"CodeSystem-EspecialidadeCodeSystem.html#EspecialidadeCodeSystem-44\">44</a></td><td>http://ehrruner.com/fhir/StructureDefinition/CodeSystem/Especialidade</td><td>Oncologia clínica</td></tr><tr><td style=\"white-space:nowrap\"><a name=\"x-http://ehrruner.com/fhir/StructureDefinition/CodeSystem/Especialidade-45\"> </a>\u00a0\u00a0<a href=\"CodeSystem-EspecialidadeCodeSystem.html#EspecialidadeCodeSystem-45\">45</a></td><td>http://ehrruner.com/fhir/StructureDefinition/CodeSystem/Especialidade</td><td>Ortopedia e traumatologia</td></tr><tr><td style=\"white-space:nowrap\"><a name=\"x-http://ehrruner.com/fhir/StructureDefinition/CodeSystem/Especialidade-46\"> </a>\u00a0\u00a0<a href=\"CodeSystem-EspecialidadeCodeSystem.html#EspecialidadeCodeSystem-46\">46</a></td><td>http://ehrruner.com/fhir/StructureDefinition/CodeSystem/Especialidade</td><td>Otorrinolaringologia</td></tr><tr><td style=\"white-space:nowrap\"><a name=\"x-http://ehrruner.com/fhir/StructureDefinition/CodeSystem/Especialidade-47\"> </a>\u00a0\u00a0<a href=\"CodeSystem-EspecialidadeCodeSystem.html#EspecialidadeCodeSystem-47\">47</a></td><td>http://ehrruner.com/fhir/StructureDefinition/CodeSystem/Especialidade</td><td>Patologia</td></tr><tr><td style=\"white-space:nowrap\"><a name=\"x-http://ehrruner.com/fhir/StructureDefinition/CodeSystem/Especialidade-48\"> </a>\u00a0\u00a0<a href=\"CodeSystem-EspecialidadeCodeSystem.html#EspecialidadeCodeSystem-48\">48</a></td><td>http://ehrruner.com/fhir/StructureDefinition/CodeSystem/Especialidade</td><td>Patologia clínica/medicina laboratorial</td></tr><tr><td style=\"white-space:nowrap\"><a name=\"x-http://ehrruner.com/fhir/StructureDefinition/CodeSystem/Especialidade-49\"> </a>\u00a0\u00a0<a href=\"CodeSystem-EspecialidadeCodeSystem.html#EspecialidadeCodeSystem-49\">49</a></td><td>http://ehrruner.com/fhir/StructureDefinition/CodeSystem/Especialidade</td><td>Pediatria</td></tr><tr><td style=\"white-space:nowrap\"><a name=\"x-http://ehrruner.com/fhir/StructureDefinition/CodeSystem/Especialidade-50\"> </a>\u00a0\u00a0<a href=\"CodeSystem-EspecialidadeCodeSystem.html#EspecialidadeCodeSystem-50\">50</a></td><td>http://ehrruner.com/fhir/StructureDefinition/CodeSystem/Especialidade</td><td>Pneumologia</td></tr><tr><td style=\"white-space:nowrap\"><a name=\"x-http://ehrruner.com/fhir/StructureDefinition/CodeSystem/Especialidade-51\"> </a>\u00a0\u00a0<a href=\"CodeSystem-EspecialidadeCodeSystem.html#EspecialidadeCodeSystem-51\">51</a></td><td>http://ehrruner.com/fhir/StructureDefinition/CodeSystem/Especialidade</td><td>Psiquiatria</td></tr><tr><td style=\"white-space:nowrap\"><a name=\"x-http://ehrruner.com/fhir/StructureDefinition/CodeSystem/Especialidade-52\"> </a>\u00a0\u00a0<a href=\"CodeSystem-EspecialidadeCodeSystem.html#EspecialidadeCodeSystem-52\">52</a></td><td>http://ehrruner.com/fhir/StructureDefinition/CodeSystem/Especialidade</td><td>Radiologia e diagnóstico por imagem</td></tr><tr><td style=\"white-space:nowrap\"><a name=\"x-http://ehrruner.com/fhir/StructureDefinition/CodeSystem/Especialidade-53\"> </a>\u00a0\u00a0<a href=\"CodeSystem-EspecialidadeCodeSystem.html#EspecialidadeCodeSystem-53\">53</a></td><td>http://ehrruner.com/fhir/StructureDefinition/CodeSystem/Especialidade</td><td>Radioterapia</td></tr><tr><td style=\"white-space:nowrap\"><a name=\"x-http://ehrruner.com/fhir/StructureDefinition/CodeSystem/Especialidade-54\"> </a>\u00a0\u00a0<a href=\"CodeSystem-EspecialidadeCodeSystem.html#EspecialidadeCodeSystem-54\">54</a></td><td>http://ehrruner.com/fhir/StructureDefinition/CodeSystem/Especialidade</td><td>Reumatologia</td></tr><tr><td style=\"white-space:nowrap\"><a name=\"x-http://ehrruner.com/fhir/StructureDefinition/CodeSystem/Especialidade-55\"> </a>\u00a0\u00a0<a href=\"CodeSystem-EspecialidadeCodeSystem.html#EspecialidadeCodeSystem-55\">55</a></td><td>http://ehrruner.com/fhir/StructureDefinition/CodeSystem/Especialidade</td><td>Urologia</td></tr></table></div>"
      },
      "url" : "http://ehrruner.com/fhir/StructureDefinition/ValueSet/Especialidade",
      "version" : "1.0.0",
      "name" : "Especialidade",
      "title" : "Especialidade",
      "status" : "draft",
      "date" : "2023-11-04T17:46:04.4163856+00:00",
      "expansion" : {
        "identifier" : "urn:uuid:3799207c-0c71-47b0-b87e-29cb84c3dcce",
        "timestamp" : "2024-10-10T15:48:27-03:00",
        "total" : 55,
        "offset" : 0,
        "parameter" : [{
          "name" : "count",
          "valueInteger" : 1000
        },
        {
          "name" : "offset",
          "valueInteger" : 0
        },
        {
          "name" : "excludeNested",
          "valueBoolean" : false
        },
        {
          "name" : "used-codesystem",
          "valueUri" : "http://ehrruner.com/fhir/StructureDefinition/CodeSystem/Especialidade|1.0.0"
        }],
        "contains" : [{
          "system" : "http://ehrruner.com/fhir/StructureDefinition/CodeSystem/Especialidade",
          "code" : "1",
          "display" : "Acupuntura"
        },
        {
          "system" : "http://ehrruner.com/fhir/StructureDefinition/CodeSystem/Especialidade",
          "code" : "2",
          "display" : "Alergia e imunologia"
        },
        {
          "system" : "http://ehrruner.com/fhir/StructureDefinition/CodeSystem/Especialidade",
          "code" : "3",
          "display" : "Anestesiologia"
        },
        {
          "system" : "http://ehrruner.com/fhir/StructureDefinition/CodeSystem/Especialidade",
          "code" : "4",
          "display" : "Angiologia"
        },
        {
          "system" : "http://ehrruner.com/fhir/StructureDefinition/CodeSystem/Especialidade",
          "code" : "5",
          "display" : "Cardiologia"
        },
        {
          "system" : "http://ehrruner.com/fhir/StructureDefinition/CodeSystem/Especialidade",
          "code" : "6",
          "display" : "Cirurgia cardiovascular"
        },
        {
          "system" : "http://ehrruner.com/fhir/StructureDefinition/CodeSystem/Especialidade",
          "code" : "7",
          "display" : "Cirurgia da mão"
        },
        {
          "system" : "http://ehrruner.com/fhir/StructureDefinition/CodeSystem/Especialidade",
          "code" : "8",
          "display" : "Cirurgia de cabeça e pescoço"
        },
        {
          "system" : "http://ehrruner.com/fhir/StructureDefinition/CodeSystem/Especialidade",
          "code" : "9",
          "display" : "Cirurgia do aparelho digestivo"
        },
        {
          "system" : "http://ehrruner.com/fhir/StructureDefinition/CodeSystem/Especialidade",
          "code" : "10",
          "display" : "Cirurgia geral"
        },
        {
          "system" : "http://ehrruner.com/fhir/StructureDefinition/CodeSystem/Especialidade",
          "code" : "11",
          "display" : "Cirurgia oncológica"
        },
        {
          "system" : "http://ehrruner.com/fhir/StructureDefinition/CodeSystem/Especialidade",
          "code" : "12",
          "display" : "Cirurgia pediátrica"
        },
        {
          "system" : "http://ehrruner.com/fhir/StructureDefinition/CodeSystem/Especialidade",
          "code" : "13",
          "display" : "Cirurgia plástica"
        },
        {
          "system" : "http://ehrruner.com/fhir/StructureDefinition/CodeSystem/Especialidade",
          "code" : "14",
          "display" : "Cirurgia torácica"
        },
        {
          "system" : "http://ehrruner.com/fhir/StructureDefinition/CodeSystem/Especialidade",
          "code" : "15",
          "display" : "Cirurgia vascular"
        },
        {
          "system" : "http://ehrruner.com/fhir/StructureDefinition/CodeSystem/Especialidade",
          "code" : "16",
          "display" : "Clínica médica"
        },
        {
          "system" : "http://ehrruner.com/fhir/StructureDefinition/CodeSystem/Especialidade",
          "code" : "17",
          "display" : "Coloproctologia"
        },
        {
          "system" : "http://ehrruner.com/fhir/StructureDefinition/CodeSystem/Especialidade",
          "code" : "18",
          "display" : "Dermatologia"
        },
        {
          "system" : "http://ehrruner.com/fhir/StructureDefinition/CodeSystem/Especialidade",
          "code" : "19",
          "display" : "Endocrinologia e metabologia"
        },
        {
          "system" : "http://ehrruner.com/fhir/StructureDefinition/CodeSystem/Especialidade",
          "code" : "20",
          "display" : "Endoscopia"
        },
        {
          "system" : "http://ehrruner.com/fhir/StructureDefinition/CodeSystem/Especialidade",
          "code" : "21",
          "display" : "Gastroenterologia"
        },
        {
          "system" : "http://ehrruner.com/fhir/StructureDefinition/CodeSystem/Especialidade",
          "code" : "22",
          "display" : "Genética médica"
        },
        {
          "system" : "http://ehrruner.com/fhir/StructureDefinition/CodeSystem/Especialidade",
          "code" : "23",
          "display" : "Geriatria"
        },
        {
          "system" : "http://ehrruner.com/fhir/StructureDefinition/CodeSystem/Especialidade",
          "code" : "24",
          "display" : "Ginecologia e obstetrícia"
        },
        {
          "system" : "http://ehrruner.com/fhir/StructureDefinition/CodeSystem/Especialidade",
          "code" : "25",
          "display" : "Hematologia e hemoterapia"
        },
        {
          "system" : "http://ehrruner.com/fhir/StructureDefinition/CodeSystem/Especialidade",
          "code" : "26",
          "display" : "Homeopatia"
        },
        {
          "system" : "http://ehrruner.com/fhir/StructureDefinition/CodeSystem/Especialidade",
          "code" : "27",
          "display" : "Infectologia"
        },
        {
          "system" : "http://ehrruner.com/fhir/StructureDefinition/CodeSystem/Especialidade",
          "code" : "28",
          "display" : "Mastologia"
        },
        {
          "system" : "http://ehrruner.com/fhir/StructureDefinition/CodeSystem/Especialidade",
          "code" : "29",
          "display" : "Medicina de emergência"
        },
        {
          "system" : "http://ehrruner.com/fhir/StructureDefinition/CodeSystem/Especialidade",
          "code" : "30",
          "display" : "Medicina de família e comunidade"
        },
        {
          "system" : "http://ehrruner.com/fhir/StructureDefinition/CodeSystem/Especialidade",
          "code" : "31",
          "display" : "Medicina do trabalho"
        },
        {
          "system" : "http://ehrruner.com/fhir/StructureDefinition/CodeSystem/Especialidade",
          "code" : "32",
          "display" : "Medicina de tráfego"
        },
        {
          "system" : "http://ehrruner.com/fhir/StructureDefinition/CodeSystem/Especialidade",
          "code" : "33",
          "display" : "Medicina esportiva"
        },
        {
          "system" : "http://ehrruner.com/fhir/StructureDefinition/CodeSystem/Especialidade",
          "code" : "34",
          "display" : "Medicina física e reabilitação"
        },
        {
          "system" : "http://ehrruner.com/fhir/StructureDefinition/CodeSystem/Especialidade",
          "code" : "35",
          "display" : "Medicina intensiva"
        },
        {
          "system" : "http://ehrruner.com/fhir/StructureDefinition/CodeSystem/Especialidade",
          "code" : "36",
          "display" : "Medicina legal e perícia médica"
        },
        {
          "system" : "http://ehrruner.com/fhir/StructureDefinition/CodeSystem/Especialidade",
          "code" : "37",
          "display" : "Medicina nuclear"
        },
        {
          "system" : "http://ehrruner.com/fhir/StructureDefinition/CodeSystem/Especialidade",
          "code" : "38",
          "display" : "Medicina preventiva e social"
        },
        {
          "system" : "http://ehrruner.com/fhir/StructureDefinition/CodeSystem/Especialidade",
          "code" : "39",
          "display" : "Nefrologia"
        },
        {
          "system" : "http://ehrruner.com/fhir/StructureDefinition/CodeSystem/Especialidade",
          "code" : "40",
          "display" : "Neurocirurgia"
        },
        {
          "system" : "http://ehrruner.com/fhir/StructureDefinition/CodeSystem/Especialidade",
          "code" : "41",
          "display" : "Neurologia"
        },
        {
          "system" : "http://ehrruner.com/fhir/StructureDefinition/CodeSystem/Especialidade",
          "code" : "42",
          "display" : "Nutrologia"
        },
        {
          "system" : "http://ehrruner.com/fhir/StructureDefinition/CodeSystem/Especialidade",
          "code" : "43",
          "display" : "Oftalmologia"
        },
        {
          "system" : "http://ehrruner.com/fhir/StructureDefinition/CodeSystem/Especialidade",
          "code" : "44",
          "display" : "Oncologia clínica"
        },
        {
          "system" : "http://ehrruner.com/fhir/StructureDefinition/CodeSystem/Especialidade",
          "code" : "45",
          "display" : "Ortopedia e traumatologia"
        },
        {
          "system" : "http://ehrruner.com/fhir/StructureDefinition/CodeSystem/Especialidade",
          "code" : "46",
          "display" : "Otorrinolaringologia"
        },
        {
          "system" : "http://ehrruner.com/fhir/StructureDefinition/CodeSystem/Especialidade",
          "code" : "47",
          "display" : "Patologia"
        },
        {
          "system" : "http://ehrruner.com/fhir/StructureDefinition/CodeSystem/Especialidade",
          "code" : "48",
          "display" : "Patologia clínica/medicina laboratorial"
        },
        {
          "system" : "http://ehrruner.com/fhir/StructureDefinition/CodeSystem/Especialidade",
          "code" : "49",
          "display" : "Pediatria"
        },
        {
          "system" : "http://ehrruner.com/fhir/StructureDefinition/CodeSystem/Especialidade",
          "code" : "50",
          "display" : "Pneumologia"
        },
        {
          "system" : "http://ehrruner.com/fhir/StructureDefinition/CodeSystem/Especialidade",
          "code" : "51",
          "display" : "Psiquiatria"
        },
        {
          "system" : "http://ehrruner.com/fhir/StructureDefinition/CodeSystem/Especialidade",
          "code" : "52",
          "display" : "Radiologia e diagnóstico por imagem"
        },
        {
          "system" : "http://ehrruner.com/fhir/StructureDefinition/CodeSystem/Especialidade",
          "code" : "53",
          "display" : "Radioterapia"
        },
        {
          "system" : "http://ehrruner.com/fhir/StructureDefinition/CodeSystem/Especialidade",
          "code" : "54",
          "display" : "Reumatologia"
        },
        {
          "system" : "http://ehrruner.com/fhir/StructureDefinition/CodeSystem/Especialidade",
          "code" : "55",
          "display" : "Urologia"
        }]
      }
    }
  },
  {
    "fullUrl" : "http://ehrrunner.com/fhir/ValueSet/EventSummaryType",
    "resource" : {
      "resourceType" : "ValueSet",
      "text" : {
        "status" : "generated",
        "div" : "<div xmlns=\"http://www.w3.org/1999/xhtml\"><p class=\"res-header-id\"><b>Generated Narrative: ValueSet </b></p><p style=\"border: black 1px dotted; background-color: #EEEEEE; padding: 8px; margin-bottom: 8px\">Expansion based on <a href=\"CodeSystem-EventSummaryTypeCodeSystem.html\">codesystem EventSummaryType v1.0.0 (CodeSystem)</a></p><p>This value set contains 10 concepts</p><table class=\"codes\"><tr><td style=\"white-space:nowrap\"><b>Code</b></td><td><b>System</b></td><td><b>Display</b></td></tr><tr><td style=\"white-space:nowrap\"><a name=\"x-http://ehrrunner.com/fhir/CodeSystem/EventSummaryType-RAC\"> </a>\u00a0\u00a0<a href=\"CodeSystem-EventSummaryTypeCodeSystem.html#EventSummaryTypeCodeSystem-RAC\">RAC</a></td><td>http://ehrrunner.com/fhir/CodeSystem/EventSummaryType</td><td>Registro de Atendimento Clínico</td></tr><tr><td style=\"white-space:nowrap\"><a name=\"x-http://ehrrunner.com/fhir/CodeSystem/EventSummaryType-SA\"> </a>\u00a0\u00a0<a href=\"CodeSystem-EventSummaryTypeCodeSystem.html#EventSummaryTypeCodeSystem-SA\">SA</a></td><td>http://ehrrunner.com/fhir/CodeSystem/EventSummaryType</td><td>Sumário de Alta</td></tr><tr><td style=\"white-space:nowrap\"><a name=\"x-http://ehrrunner.com/fhir/CodeSystem/EventSummaryType-SPA\"> </a>\u00a0\u00a0<a href=\"CodeSystem-EventSummaryTypeCodeSystem.html#EventSummaryTypeCodeSystem-SPA\">SPA</a></td><td>http://ehrrunner.com/fhir/CodeSystem/EventSummaryType</td><td>Sumário de Pronto Atendimento</td></tr><tr><td style=\"white-space:nowrap\"><a name=\"x-http://ehrrunner.com/fhir/CodeSystem/EventSummaryType-REL\"> </a>\u00a0\u00a0<a href=\"CodeSystem-EventSummaryTypeCodeSystem.html#EventSummaryTypeCodeSystem-REL\">REL</a></td><td>http://ehrrunner.com/fhir/CodeSystem/EventSummaryType</td><td>Resultado de Exame Laboratorial</td></tr><tr><td style=\"white-space:nowrap\"><a name=\"x-http://ehrrunner.com/fhir/CodeSystem/EventSummaryType-REI\"> </a>\u00a0\u00a0<a href=\"CodeSystem-EventSummaryTypeCodeSystem.html#EventSummaryTypeCodeSystem-REI\">REI</a></td><td>http://ehrrunner.com/fhir/CodeSystem/EventSummaryType</td><td>Resultado de Exame de Imagem</td></tr><tr><td style=\"white-space:nowrap\"><a name=\"x-http://ehrrunner.com/fhir/CodeSystem/EventSummaryType-RPM\"> </a>\u00a0\u00a0<a href=\"CodeSystem-EventSummaryTypeCodeSystem.html#EventSummaryTypeCodeSystem-RPM\">RPM</a></td><td>http://ehrrunner.com/fhir/CodeSystem/EventSummaryType</td><td>Registro de Prescrição de Medicamento</td></tr><tr><td style=\"white-space:nowrap\"><a name=\"x-http://ehrrunner.com/fhir/CodeSystem/EventSummaryType-RDM\"> </a>\u00a0\u00a0<a href=\"CodeSystem-EventSummaryTypeCodeSystem.html#EventSummaryTypeCodeSystem-RDM\">RDM</a></td><td>http://ehrrunner.com/fhir/CodeSystem/EventSummaryType</td><td>Registro de Dispensação de Medicamento</td></tr><tr><td style=\"white-space:nowrap\"><a name=\"x-http://ehrrunner.com/fhir/CodeSystem/EventSummaryType-RIA\"> </a>\u00a0\u00a0<a href=\"CodeSystem-EventSummaryTypeCodeSystem.html#EventSummaryTypeCodeSystem-RIA\">RIA</a></td><td>http://ehrrunner.com/fhir/CodeSystem/EventSummaryType</td><td>Registro de Imunobiológico Administrado</td></tr><tr><td style=\"white-space:nowrap\"><a name=\"x-http://ehrrunner.com/fhir/CodeSystem/EventSummaryType-RRA\"> </a>\u00a0\u00a0<a href=\"CodeSystem-EventSummaryTypeCodeSystem.html#EventSummaryTypeCodeSystem-RRA\">RRA</a></td><td>http://ehrrunner.com/fhir/CodeSystem/EventSummaryType</td><td>Registro de Regulação Assistencial</td></tr><tr><td style=\"white-space:nowrap\"><a name=\"x-http://ehrrunner.com/fhir/CodeSystem/EventSummaryType-NVE\"> </a>\u00a0\u00a0<a href=\"CodeSystem-EventSummaryTypeCodeSystem.html#EventSummaryTypeCodeSystem-NVE\">NVE</a></td><td>http://ehrrunner.com/fhir/CodeSystem/EventSummaryType</td><td>Notificação da Vigilância Epidemiológica</td></tr></table></div>"
      },
      "url" : "http://ehrrunner.com/fhir/ValueSet/EventSummaryType",
      "version" : "1.0.0",
      "name" : "EventSummaryType",
      "title" : "EventSummaryType",
      "status" : "draft",
      "date" : "2023-11-04T17:46:04.4163856+00:00",
      "expansion" : {
        "identifier" : "urn:uuid:09d0c65e-4503-4d09-8fdc-d17b5a35db1d",
        "timestamp" : "2024-10-10T15:48:35-03:00",
        "total" : 10,
        "offset" : 0,
        "parameter" : [{
          "name" : "count",
          "valueInteger" : 1000
        },
        {
          "name" : "offset",
          "valueInteger" : 0
        },
        {
          "name" : "excludeNested",
          "valueBoolean" : false
        },
        {
          "name" : "used-codesystem",
          "valueUri" : "http://ehrrunner.com/fhir/CodeSystem/EventSummaryType|1.0.0"
        }],
        "contains" : [{
          "system" : "http://ehrrunner.com/fhir/CodeSystem/EventSummaryType",
          "code" : "RAC",
          "display" : "Registro de Atendimento Clínico"
        },
        {
          "system" : "http://ehrrunner.com/fhir/CodeSystem/EventSummaryType",
          "code" : "SA",
          "display" : "Sumário de Alta"
        },
        {
          "system" : "http://ehrrunner.com/fhir/CodeSystem/EventSummaryType",
          "code" : "SPA",
          "display" : "Sumário de Pronto Atendimento"
        },
        {
          "system" : "http://ehrrunner.com/fhir/CodeSystem/EventSummaryType",
          "code" : "REL",
          "display" : "Resultado de Exame Laboratorial"
        },
        {
          "system" : "http://ehrrunner.com/fhir/CodeSystem/EventSummaryType",
          "code" : "REI",
          "display" : "Resultado de Exame de Imagem"
        },
        {
          "system" : "http://ehrrunner.com/fhir/CodeSystem/EventSummaryType",
          "code" : "RPM",
          "display" : "Registro de Prescrição de Medicamento"
        },
        {
          "system" : "http://ehrrunner.com/fhir/CodeSystem/EventSummaryType",
          "code" : "RDM",
          "display" : "Registro de Dispensação de Medicamento"
        },
        {
          "system" : "http://ehrrunner.com/fhir/CodeSystem/EventSummaryType",
          "code" : "RIA",
          "display" : "Registro de Imunobiológico Administrado"
        },
        {
          "system" : "http://ehrrunner.com/fhir/CodeSystem/EventSummaryType",
          "code" : "RRA",
          "display" : "Registro de Regulação Assistencial"
        },
        {
          "system" : "http://ehrrunner.com/fhir/CodeSystem/EventSummaryType",
          "code" : "NVE",
          "display" : "Notificação da Vigilância Epidemiológica"
        }]
      }
    }
  },
  {
    "fullUrl" : "http://ehrruner.com/fhir/StructureDefinition/ValueSet/NivelFederacao",
    "resource" : {
      "resourceType" : "ValueSet",
      "text" : {
        "status" : "generated",
        "div" : "<div xmlns=\"http://www.w3.org/1999/xhtml\"><p class=\"res-header-id\"><b>Generated Narrative: ValueSet </b></p><p style=\"border: black 1px dotted; background-color: #EEEEEE; padding: 8px; margin-bottom: 8px\">Expansion based on <a href=\"CodeSystem-NivelFederacaoCodeSystem.html\">codesystem Nível da Federação v1.0.0 (CodeSystem)</a></p><p>This value set contains 2 concepts</p><table class=\"codes\"><tr><td style=\"white-space:nowrap\"><b>Code</b></td><td><b>System</b></td><td><b>Display</b></td></tr><tr><td style=\"white-space:nowrap\"><a name=\"x-http://ehrruner.com/fhir/StructureDefinition/CodeSystem/NivelFederacao-Organizacao\"> </a>\u00a0\u00a0<a href=\"CodeSystem-NivelFederacaoCodeSystem.html#NivelFederacaoCodeSystem-Organizacao\">Organizacao</a></td><td>http://ehrruner.com/fhir/StructureDefinition/CodeSystem/NivelFederacao</td><td>Todos os profissionais de saúde da organização podem federar</td></tr><tr><td style=\"white-space:nowrap\"><a name=\"x-http://ehrruner.com/fhir/StructureDefinition/CodeSystem/NivelFederacao-Individuo\"> </a>\u00a0\u00a0<a href=\"CodeSystem-NivelFederacaoCodeSystem.html#NivelFederacaoCodeSystem-Individuo\">Individuo</a></td><td>http://ehrruner.com/fhir/StructureDefinition/CodeSystem/NivelFederacao</td><td>Apenas o profissional de saúde pode federar</td></tr></table></div>"
      },
      "url" : "http://ehrruner.com/fhir/StructureDefinition/ValueSet/NivelFederacao",
      "version" : "1.0.0",
      "name" : "NivelFederacao",
      "title" : "Nível da Federacao",
      "status" : "draft",
      "date" : "2023-11-04T17:46:04.4163856+00:00",
      "expansion" : {
        "identifier" : "urn:uuid:889235b2-df48-4390-8339-748c5cc3baf1",
        "timestamp" : "2024-10-10T15:48:38-03:00",
        "total" : 2,
        "offset" : 0,
        "parameter" : [{
          "name" : "count",
          "valueInteger" : 1000
        },
        {
          "name" : "offset",
          "valueInteger" : 0
        },
        {
          "name" : "excludeNested",
          "valueBoolean" : false
        },
        {
          "name" : "used-codesystem",
          "valueUri" : "http://ehrruner.com/fhir/StructureDefinition/CodeSystem/NivelFederacao|1.0.0"
        }],
        "contains" : [{
          "system" : "http://ehrruner.com/fhir/StructureDefinition/CodeSystem/NivelFederacao",
          "code" : "Organizacao",
          "display" : "Todos os profissionais de saúde da organização podem federar"
        },
        {
          "system" : "http://ehrruner.com/fhir/StructureDefinition/CodeSystem/NivelFederacao",
          "code" : "Individuo",
          "display" : "Apenas o profissional de saúde pode federar"
        }]
      }
    }
  },
  {
    "fullUrl" : "http://ehrrunner.com/fhir/ValueSet/ServiceRequestCategory",
    "resource" : {
      "resourceType" : "ValueSet",
      "text" : {
        "status" : "generated",
        "div" : "<div xmlns=\"http://www.w3.org/1999/xhtml\"><p class=\"res-header-id\"><b>Generated Narrative: ValueSet </b></p><p style=\"border: black 1px dotted; background-color: #EEEEEE; padding: 8px; margin-bottom: 8px\">Expansion based on <a href=\"CodeSystem-ServiceRequestCategory.html\">codesystem ServiceRequestCategory v1.0.0 (CodeSystem)</a></p><p>This value set contains 2 concepts</p><table class=\"codes\"><tr><td style=\"white-space:nowrap\"><b>Code</b></td><td><b>System</b></td><td><b>Display</b></td></tr><tr><td style=\"white-space:nowrap\"><a name=\"x-http://ehrrunner.com/fhir/CodeSystem/ServiceRequestCategory-SADT\"> </a>\u00a0\u00a0<a href=\"CodeSystem-ServiceRequestCategory.html#ServiceRequestCategory-SADT\">SADT</a></td><td>http://ehrrunner.com/fhir/CodeSystem/ServiceRequestCategory</td><td>Serviço Auxiliar de Diagnóstico ou Terapia</td></tr><tr><td style=\"white-space:nowrap\"><a name=\"x-http://ehrrunner.com/fhir/CodeSystem/ServiceRequestCategory-Referral\"> </a>\u00a0\u00a0<a href=\"CodeSystem-ServiceRequestCategory.html#ServiceRequestCategory-Referral\">Referral</a></td><td>http://ehrrunner.com/fhir/CodeSystem/ServiceRequestCategory</td><td>Referência (atenção especializada)</td></tr></table></div>"
      },
      "url" : "http://ehrrunner.com/fhir/ValueSet/ServiceRequestCategory",
      "version" : "1.0.0",
      "name" : "ServiceRequestCategory",
      "title" : "ServiceRequestCategory",
      "status" : "draft",
      "date" : "2023-11-04T17:46:04.4163856+00:00",
      "expansion" : {
        "identifier" : "urn:uuid:36265c22-528b-4ca6-a1a2-012b8816aa83",
        "timestamp" : "2024-10-10T15:48:43-03:00",
        "total" : 2,
        "offset" : 0,
        "parameter" : [{
          "name" : "count",
          "valueInteger" : 1000
        },
        {
          "name" : "offset",
          "valueInteger" : 0
        },
        {
          "name" : "excludeNested",
          "valueBoolean" : false
        },
        {
          "name" : "used-codesystem",
          "valueUri" : "http://ehrrunner.com/fhir/CodeSystem/ServiceRequestCategory|1.0.0"
        }],
        "contains" : [{
          "system" : "http://ehrrunner.com/fhir/CodeSystem/ServiceRequestCategory",
          "code" : "SADT",
          "display" : "Serviço Auxiliar de Diagnóstico ou Terapia"
        },
        {
          "system" : "http://ehrrunner.com/fhir/CodeSystem/ServiceRequestCategory",
          "code" : "Referral",
          "display" : "Referência (atenção especializada)"
        }]
      }
    }
  }]
}