{"resourceType":"CodeSystem","id":"EspecialidadeCodeSystem","text":{"status":"generated","div":"<div xmlns=\"http://www.w3.org/1999/xhtml\"><p class=\"res-header-id\"><b>Generated Narrative: CodeSystem EspecialidadeCodeSystem</b></p><a name=\"EspecialidadeCodeSystem\"> </a><a name=\"hcEspecialidadeCodeSystem\"> </a><a name=\"EspecialidadeCodeSystem-en-US\"> </a><p>This case-insensitive code system <code>http://br-ipes.com/fhir/CodeSystem/EspecialidadeCodeSystem</code> defines the following codes:</p><table class=\"codes\"><tr><td style=\"white-space:nowrap\"><b>Code</b></td><td><b>Display</b></td></tr><tr><td style=\"white-space:nowrap\">1<a name=\"EspecialidadeCodeSystem-1\"> </a></td><td>Acupuntura</td></tr><tr><td style=\"white-space:nowrap\">2<a name=\"EspecialidadeCodeSystem-2\"> </a></td><td>Alergia e imunologia</td></tr><tr><td style=\"white-space:nowrap\">3<a name=\"EspecialidadeCodeSystem-3\"> </a></td><td>Anestesiologia</td></tr><tr><td style=\"white-space:nowrap\">4<a name=\"EspecialidadeCodeSystem-4\"> </a></td><td>Angiologia</td></tr><tr><td style=\"white-space:nowrap\">5<a name=\"EspecialidadeCodeSystem-5\"> </a></td><td>Cardiologia</td></tr><tr><td style=\"white-space:nowrap\">6<a name=\"EspecialidadeCodeSystem-6\"> </a></td><td>Cirurgia cardiovascular</td></tr><tr><td style=\"white-space:nowrap\">7<a name=\"EspecialidadeCodeSystem-7\"> </a></td><td>Cirurgia da mão</td></tr><tr><td style=\"white-space:nowrap\">8<a name=\"EspecialidadeCodeSystem-8\"> </a></td><td>Cirurgia de cabeça e pescoço</td></tr><tr><td style=\"white-space:nowrap\">9<a name=\"EspecialidadeCodeSystem-9\"> </a></td><td>Cirurgia do aparelho digestivo</td></tr><tr><td style=\"white-space:nowrap\">10<a name=\"EspecialidadeCodeSystem-10\"> </a></td><td>Cirurgia geral</td></tr><tr><td style=\"white-space:nowrap\">11<a name=\"EspecialidadeCodeSystem-11\"> </a></td><td>Cirurgia oncológica</td></tr><tr><td style=\"white-space:nowrap\">12<a name=\"EspecialidadeCodeSystem-12\"> </a></td><td>Cirurgia pediátrica</td></tr><tr><td style=\"white-space:nowrap\">13<a name=\"EspecialidadeCodeSystem-13\"> </a></td><td>Cirurgia plástica</td></tr><tr><td style=\"white-space:nowrap\">14<a name=\"EspecialidadeCodeSystem-14\"> </a></td><td>Cirurgia torácica</td></tr><tr><td style=\"white-space:nowrap\">15<a name=\"EspecialidadeCodeSystem-15\"> </a></td><td>Cirurgia vascular</td></tr><tr><td style=\"white-space:nowrap\">16<a name=\"EspecialidadeCodeSystem-16\"> </a></td><td>Clínica médica</td></tr><tr><td style=\"white-space:nowrap\">17<a name=\"EspecialidadeCodeSystem-17\"> </a></td><td>Coloproctologia</td></tr><tr><td style=\"white-space:nowrap\">18<a name=\"EspecialidadeCodeSystem-18\"> </a></td><td>Dermatologia</td></tr><tr><td style=\"white-space:nowrap\">19<a name=\"EspecialidadeCodeSystem-19\"> </a></td><td>Endocrinologia e metabologia</td></tr><tr><td style=\"white-space:nowrap\">20<a name=\"EspecialidadeCodeSystem-20\"> </a></td><td>Endoscopia</td></tr><tr><td style=\"white-space:nowrap\">21<a name=\"EspecialidadeCodeSystem-21\"> </a></td><td>Gastroenterologia</td></tr><tr><td style=\"white-space:nowrap\">22<a name=\"EspecialidadeCodeSystem-22\"> </a></td><td>Genética médica</td></tr><tr><td style=\"white-space:nowrap\">23<a name=\"EspecialidadeCodeSystem-23\"> </a></td><td>Geriatria</td></tr><tr><td style=\"white-space:nowrap\">24<a name=\"EspecialidadeCodeSystem-24\"> </a></td><td>Ginecologia e obstetrícia</td></tr><tr><td style=\"white-space:nowrap\">25<a name=\"EspecialidadeCodeSystem-25\"> </a></td><td>Hematologia e hemoterapia</td></tr><tr><td style=\"white-space:nowrap\">26<a name=\"EspecialidadeCodeSystem-26\"> </a></td><td>Homeopatia</td></tr><tr><td style=\"white-space:nowrap\">27<a name=\"EspecialidadeCodeSystem-27\"> </a></td><td>Infectologia</td></tr><tr><td style=\"white-space:nowrap\">28<a name=\"EspecialidadeCodeSystem-28\"> </a></td><td>Mastologia</td></tr><tr><td style=\"white-space:nowrap\">29<a name=\"EspecialidadeCodeSystem-29\"> </a></td><td>Medicina de emergência</td></tr><tr><td style=\"white-space:nowrap\">30<a name=\"EspecialidadeCodeSystem-30\"> </a></td><td>Medicina de família e comunidade</td></tr><tr><td style=\"white-space:nowrap\">31<a name=\"EspecialidadeCodeSystem-31\"> </a></td><td>Medicina do trabalho</td></tr><tr><td style=\"white-space:nowrap\">32<a name=\"EspecialidadeCodeSystem-32\"> </a></td><td>Medicina de tráfego</td></tr><tr><td style=\"white-space:nowrap\">33<a name=\"EspecialidadeCodeSystem-33\"> </a></td><td>Medicina esportiva</td></tr><tr><td style=\"white-space:nowrap\">34<a name=\"EspecialidadeCodeSystem-34\"> </a></td><td>Medicina física e reabilitação</td></tr><tr><td style=\"white-space:nowrap\">35<a name=\"EspecialidadeCodeSystem-35\"> </a></td><td>Medicina intensiva</td></tr><tr><td style=\"white-space:nowrap\">36<a name=\"EspecialidadeCodeSystem-36\"> </a></td><td>Medicina legal e perícia médica</td></tr><tr><td style=\"white-space:nowrap\">37<a name=\"EspecialidadeCodeSystem-37\"> </a></td><td>Medicina nuclear</td></tr><tr><td style=\"white-space:nowrap\">38<a name=\"EspecialidadeCodeSystem-38\"> </a></td><td>Medicina preventiva e social</td></tr><tr><td style=\"white-space:nowrap\">39<a name=\"EspecialidadeCodeSystem-39\"> </a></td><td>Nefrologia</td></tr><tr><td style=\"white-space:nowrap\">40<a name=\"EspecialidadeCodeSystem-40\"> </a></td><td>Neurocirurgia</td></tr><tr><td style=\"white-space:nowrap\">41<a name=\"EspecialidadeCodeSystem-41\"> </a></td><td>Neurologia</td></tr><tr><td style=\"white-space:nowrap\">42<a name=\"EspecialidadeCodeSystem-42\"> </a></td><td>Nutrologia</td></tr><tr><td style=\"white-space:nowrap\">43<a name=\"EspecialidadeCodeSystem-43\"> </a></td><td>Oftalmologia</td></tr><tr><td style=\"white-space:nowrap\">44<a name=\"EspecialidadeCodeSystem-44\"> </a></td><td>Oncologia clínica</td></tr><tr><td style=\"white-space:nowrap\">45<a name=\"EspecialidadeCodeSystem-45\"> </a></td><td>Ortopedia e traumatologia</td></tr><tr><td style=\"white-space:nowrap\">46<a name=\"EspecialidadeCodeSystem-46\"> </a></td><td>Otorrinolaringologia</td></tr><tr><td style=\"white-space:nowrap\">47<a name=\"EspecialidadeCodeSystem-47\"> </a></td><td>Patologia</td></tr><tr><td style=\"white-space:nowrap\">48<a name=\"EspecialidadeCodeSystem-48\"> </a></td><td>Patologia clínica/medicina laboratorial</td></tr><tr><td style=\"white-space:nowrap\">49<a name=\"EspecialidadeCodeSystem-49\"> </a></td><td>Pediatria</td></tr><tr><td style=\"white-space:nowrap\">50<a name=\"EspecialidadeCodeSystem-50\"> </a></td><td>Pneumologia</td></tr><tr><td style=\"white-space:nowrap\">51<a name=\"EspecialidadeCodeSystem-51\"> </a></td><td>Psiquiatria</td></tr><tr><td style=\"white-space:nowrap\">52<a name=\"EspecialidadeCodeSystem-52\"> </a></td><td>Radiologia e diagnóstico por imagem</td></tr><tr><td style=\"white-space:nowrap\">53<a name=\"EspecialidadeCodeSystem-53\"> </a></td><td>Radioterapia</td></tr><tr><td style=\"white-space:nowrap\">54<a name=\"EspecialidadeCodeSystem-54\"> </a></td><td>Reumatologia</td></tr><tr><td style=\"white-space:nowrap\">55<a name=\"EspecialidadeCodeSystem-55\"> </a></td><td>Urologia</td></tr></table></div>"},"url":"http://br-ipes.com/fhir/CodeSystem/EspecialidadeCodeSystem","version":"1.0.0","name":"Especialidade","title":"Especialidade","status":"draft","date":"2023-11-04T17:46:04.4163856+00:00","publisher":"CBIS Publisher","contact":[{"telecom":[{"system":"email"}]}],"description":"Especialidade médica (Resolução CFM n. 2.330/2023)","caseSensitive":false,"compositional":false,"versionNeeded":false,"content":"complete","count":55,"concept":[{"code":"1","display":"Acupuntura"},{"code":"2","display":"Alergia e imunologia"},{"code":"3","display":"Anestesiologia"},{"code":"4","display":"Angiologia"},{"code":"5","display":"Cardiologia"},{"code":"6","display":"Cirurgia cardiovascular"},{"code":"7","display":"Cirurgia da mão"},{"code":"8","display":"Cirurgia de cabeça e pescoço"},{"code":"9","display":"Cirurgia do aparelho digestivo"},{"code":"10","display":"Cirurgia geral"},{"code":"11","display":"Cirurgia oncológica"},{"code":"12","display":"Cirurgia pediátrica"},{"code":"13","display":"Cirurgia plástica"},{"code":"14","display":"Cirurgia torácica"},{"code":"15","display":"Cirurgia vascular"},{"code":"16","display":"Clínica médica"},{"code":"17","display":"Coloproctologia"},{"code":"18","display":"Dermatologia"},{"code":"19","display":"Endocrinologia e metabologia"},{"code":"20","display":"Endoscopia"},{"code":"21","display":"Gastroenterologia"},{"code":"22","display":"Genética médica"},{"code":"23","display":"Geriatria"},{"code":"24","display":"Ginecologia e obstetrícia"},{"code":"25","display":"Hematologia e hemoterapia"},{"code":"26","display":"Homeopatia"},{"code":"27","display":"Infectologia"},{"code":"28","display":"Mastologia"},{"code":"29","display":"Medicina de emergência"},{"code":"30","display":"Medicina de família e comunidade"},{"code":"31","display":"Medicina do trabalho"},{"code":"32","display":"Medicina de tráfego"},{"code":"33","display":"Medicina esportiva"},{"code":"34","display":"Medicina física e reabilitação"},{"code":"35","display":"Medicina intensiva"},{"code":"36","display":"Medicina legal e perícia médica"},{"code":"37","display":"Medicina nuclear"},{"code":"38","display":"Medicina preventiva e social"},{"code":"39","display":"Nefrologia"},{"code":"40","display":"Neurocirurgia"},{"code":"41","display":"Neurologia"},{"code":"42","display":"Nutrologia"},{"code":"43","display":"Oftalmologia"},{"code":"44","display":"Oncologia clínica"},{"code":"45","display":"Ortopedia e traumatologia"},{"code":"46","display":"Otorrinolaringologia"},{"code":"47","display":"Patologia"},{"code":"48","display":"Patologia clínica/medicina laboratorial"},{"code":"49","display":"Pediatria"},{"code":"50","display":"Pneumologia"},{"code":"51","display":"Psiquiatria"},{"code":"52","display":"Radiologia e diagnóstico por imagem"},{"code":"53","display":"Radioterapia"},{"code":"54","display":"Reumatologia"},{"code":"55","display":"Urologia"}]}