{"resourceType":"CodeSystem","id":"ServiceRequestCategory","text":{"status":"generated","div":"<div xmlns=\"http://www.w3.org/1999/xhtml\"><p class=\"res-header-id\"><b>Generated Narrative: CodeSystem ServiceRequestCategory</b></p><a name=\"ServiceRequestCategory\"> </a><a name=\"hcServiceRequestCategory\"> </a><a name=\"ServiceRequestCategory-en-US\"> </a><p>This case-insensitive code system <code>http://ehrrunner.com/fhir/CodeSystem/ServiceRequestCategory</code> defines the following codes:</p><table class=\"codes\"><tr><td style=\"white-space:nowrap\"><b>Code</b></td><td><b>Display</b></td></tr><tr><td style=\"white-space:nowrap\">SADT<a name=\"ServiceRequestCategory-SADT\"> </a></td><td>Serviço Auxiliar de Diagnóstico ou Terapia</td></tr><tr><td style=\"white-space:nowrap\">Referral<a name=\"ServiceRequestCategory-Referral\"> </a></td><td>Referência (atenção especializada)</td></tr></table></div>"},"url":"http://ehrrunner.com/fhir/CodeSystem/ServiceRequestCategory","version":"1.0.0","name":"ServiceRequestCategory","title":"ServiceRequestCategory","status":"draft","date":"2023-11-04T17:46:04.4163856+00:00","publisher":"CBIS Publisher","contact":[{"telecom":[{"system":"email"}]}],"description":"Categorias utilizadas nos perfis do recurso ServiceRequest","caseSensitive":false,"valueSet":"http://ehrrunner.com/fhir/ValueSet/ServiceRequestCategory","compositional":false,"versionNeeded":false,"content":"complete","count":2,"concept":[{"code":"SADT","display":"Serviço Auxiliar de Diagnóstico ou Terapia"},{"code":"Referral","display":"Referência (atenção especializada)"}]}