{"resourceType":"CodeSystem","id":"EventSummaryTypeCodeSystem","text":{"status":"generated","div":"<div xmlns=\"http://www.w3.org/1999/xhtml\"><p class=\"res-header-id\"><b>Generated Narrative: CodeSystem EventSummaryTypeCodeSystem</b></p><a name=\"EventSummaryTypeCodeSystem\"> </a><a name=\"hcEventSummaryTypeCodeSystem\"> </a><a name=\"EventSummaryTypeCodeSystem-en-US\"> </a><p>This case-insensitive code system <code>http://br-ipes.com/fhir/CodeSystem/EventSummaryTypeCodeSystem</code> defines the following codes:</p><table class=\"codes\"><tr><td style=\"white-space:nowrap\"><b>Code</b></td><td><b>Display</b></td></tr><tr><td style=\"white-space:nowrap\">RAC<a name=\"EventSummaryTypeCodeSystem-RAC\"> </a></td><td>Registro de Atendimento Clínico</td></tr><tr><td style=\"white-space:nowrap\">SA<a name=\"EventSummaryTypeCodeSystem-SA\"> </a></td><td>Sumário de Alta</td></tr><tr><td style=\"white-space:nowrap\">SPA<a name=\"EventSummaryTypeCodeSystem-SPA\"> </a></td><td>Sumário de Pronto Atendimento</td></tr><tr><td style=\"white-space:nowrap\">REL<a name=\"EventSummaryTypeCodeSystem-REL\"> </a></td><td>Resultado de Exame Laboratorial</td></tr><tr><td style=\"white-space:nowrap\">REI<a name=\"EventSummaryTypeCodeSystem-REI\"> </a></td><td>Resultado de Exame de Imagem</td></tr><tr><td style=\"white-space:nowrap\">RPM<a name=\"EventSummaryTypeCodeSystem-RPM\"> </a></td><td>Registro de Prescrição de Medicamento</td></tr><tr><td style=\"white-space:nowrap\">RDM<a name=\"EventSummaryTypeCodeSystem-RDM\"> </a></td><td>Registro de Dispensação de Medicamento</td></tr><tr><td style=\"white-space:nowrap\">RIA<a name=\"EventSummaryTypeCodeSystem-RIA\"> </a></td><td>Registro de Imunobiológico Administrado</td></tr><tr><td style=\"white-space:nowrap\">RRA<a name=\"EventSummaryTypeCodeSystem-RRA\"> </a></td><td>Registro de Regulação Assistencial</td></tr><tr><td style=\"white-space:nowrap\">NVE<a name=\"EventSummaryTypeCodeSystem-NVE\"> </a></td><td>Notificação da Vigilância Epidemiológica</td></tr></table></div>"},"url":"http://br-ipes.com/fhir/CodeSystem/EventSummaryTypeCodeSystem","version":"1.0.0","name":"EventSummaryType","title":"EventSummaryType","status":"draft","date":"2023-11-04T17:46:04.4163856+00:00","publisher":"CBIS Publisher","contact":[{"telecom":[{"system":"email"}]}],"description":"Tipos de estruturas usadas para construir um registro eletrônico de saúde do tipo \"sumário de evento ou contato assistencial\"","caseSensitive":false,"valueSet":"http://br-ipes.com/fhir/ValueSet/EventSummaryType","compositional":false,"versionNeeded":false,"content":"complete","count":10,"concept":[{"code":"RAC","display":"Registro de Atendimento Clínico"},{"code":"SA","display":"Sumário de Alta"},{"code":"SPA","display":"Sumário de Pronto Atendimento"},{"code":"REL","display":"Resultado de Exame Laboratorial"},{"code":"REI","display":"Resultado de Exame de Imagem"},{"code":"RPM","display":"Registro de Prescrição de Medicamento"},{"code":"RDM","display":"Registro de Dispensação de Medicamento"},{"code":"RIA","display":"Registro de Imunobiológico Administrado"},{"code":"RRA","display":"Registro de Regulação Assistencial"},{"code":"NVE","display":"Notificação da Vigilância Epidemiológica"}]}