{"resourceType":"ValueSet","id":"EHRDocumentTypeValueset","text":{"status":"generated","div":"<div xmlns=\"http://www.w3.org/1999/xhtml\"><p class=\"res-header-id\"><b>Generated Narrative: ValueSet EHRDocumentTypeValueset</b></p><a name=\"EHRDocumentTypeValueset\"> </a><a name=\"hcEHRDocumentTypeValueset\"> </a><a name=\"EHRDocumentTypeValueset-en-US\"> </a><ul><li>Include all codes defined in <code>http://br-ipes.com/fhir/CodeSystem/EHRDocumentType</code></li></ul></div>"},"url":"http://br-ipes.com/fhir/ValueSet/EHRDocumentTypeValueset","version":"1.0.0","name":"EHRDocumentType","title":"EHRDocumentType","status":"draft","date":"2023-11-04T17:46:04.4163856+00:00","publisher":"CBIS Publisher","contact":[{"telecom":[{"system":"email"}]}],"description":"Tipos de documentos OpenEHR (TDDs)","compose":{"include":[{"system":"http://br-ipes.com/fhir/CodeSystem/EHRDocumentType"}]}}