{"resourceType":"ValueSet","id":"EventSummaryTypeValueSet","text":{"status":"generated","div":"<div xmlns=\"http://www.w3.org/1999/xhtml\"><p class=\"res-header-id\"><b>Generated Narrative: ValueSet EventSummaryTypeValueSet</b></p><a name=\"EventSummaryTypeValueSet\"> </a><a name=\"hcEventSummaryTypeValueSet\"> </a><a name=\"EventSummaryTypeValueSet-en-US\"> </a><ul><li>Include all codes defined in <a href=\"CodeSystem-EventSummaryTypeCodeSystem.html\"><code>http://ehrrunner.com/fhir/CodeSystem/EventSummaryType</code></a></li></ul></div>"},"url":"http://ehrrunner.com/fhir/ValueSet/EventSummaryType","version":"1.0.0","name":"EventSummaryType","title":"EventSummaryType","status":"draft","date":"2023-11-04T17:46:04.4163856+00:00","publisher":"CBIS Publisher","contact":[{"telecom":[{"system":"email"}]}],"description":"Tipos de estruturas usadas para construir um registro eletrônico de saúde do tipo \"sumário de evento ou contato assistencial\"","compose":{"include":[{"system":"http://ehrrunner.com/fhir/CodeSystem/EventSummaryType"}]}}