{"resourceType":"ValueSet","id":"AreaAtuacaoValueset","text":{"status":"generated","div":"<div xmlns=\"http://www.w3.org/1999/xhtml\"><p class=\"res-header-id\"><b>Generated Narrative: ValueSet AreaAtuacaoValueset</b></p><a name=\"AreaAtuacaoValueset\"> </a><a name=\"hcAreaAtuacaoValueset\"> </a><a name=\"AreaAtuacaoValueset-en-US\"> </a><ul><li>Include all codes defined in <code>http://br-ipes.com/fhir/StructureDefinition/CodeSystem/AreaAtuacao</code></li></ul></div>"},"url":"http://br-ipes.com/fhir/ValueSet/AreaAtuacaoValueset","version":"1.0.0","name":"AreaAtuacao","title":"Área de Atuacao","status":"draft","date":"2023-11-04T17:46:04.4163856+00:00","publisher":"CBIS Publisher","contact":[{"telecom":[{"system":"email"}]}],"description":"Área de atuação médica (Resolução CFM n. 2.330/2023)","compose":{"include":[{"system":"http://br-ipes.com/fhir/StructureDefinition/CodeSystem/AreaAtuacao"}]}}