{"resourceType":"ValueSet","id":"ServiceRequestCategoryValueSet","text":{"status":"generated","div":"<div xmlns=\"http://www.w3.org/1999/xhtml\"><p class=\"res-header-id\"><b>Generated Narrative: ValueSet ServiceRequestCategoryValueSet</b></p><a name=\"ServiceRequestCategoryValueSet\"> </a><a name=\"hcServiceRequestCategoryValueSet\"> </a><a name=\"ServiceRequestCategoryValueSet-en-US\"> </a><ul><li>Include all codes defined in <a href=\"CodeSystem-ServiceRequestCategory.html\"><code>http://br-ipes.com/fhir/CodeSystem/ServiceRequestCategory</code></a></li></ul></div>"},"url":"http://br-ipes.com/fhir/ValueSet/ServiceRequestCategory","version":"1.0.0","name":"ServiceRequestCategory","title":"ServiceRequestCategory","status":"draft","date":"2023-11-04T17:46:04.4163856+00:00","publisher":"CBIS Publisher","contact":[{"telecom":[{"system":"email"}]}],"description":"Categorias utilizadas nos perfis do recurso ServiceRequest","compose":{"include":[{"system":"http://br-ipes.com/fhir/CodeSystem/ServiceRequestCategory"}]}}