{
  "resourceType" : "CodeSystem",
  "id" : "AreaAtuacaoCodeSystem",
  "text" : {
    "status" : "generated",
    "div" : "<div xmlns=\"http://www.w3.org/1999/xhtml\"><p class=\"res-header-id\"><b>Generated Narrative: CodeSystem AreaAtuacaoCodeSystem</b></p><a name=\"AreaAtuacaoCodeSystem\"> </a><a name=\"hcAreaAtuacaoCodeSystem\"> </a><a name=\"AreaAtuacaoCodeSystem-en-US\"> </a><p>This case-insensitive code system <code>http://br-ipes.com/fhir/CodeSystem/AreaAtuacaoCodeSystem</code> defines the following codes:</p><table class=\"codes\"><tr><td style=\"white-space:nowrap\"><b>Code</b></td><td><b>Display</b></td></tr><tr><td style=\"white-space:nowrap\">1<a name=\"AreaAtuacaoCodeSystem-1\"> </a></td><td>Administração em saúde</td></tr><tr><td style=\"white-space:nowrap\">2<a name=\"AreaAtuacaoCodeSystem-2\"> </a></td><td>Alergia e imunologia pediátrica</td></tr><tr><td style=\"white-space:nowrap\">3<a name=\"AreaAtuacaoCodeSystem-3\"> </a></td><td>Angiorradiologia e cirurgia endovascular</td></tr><tr><td style=\"white-space:nowrap\">4<a name=\"AreaAtuacaoCodeSystem-4\"> </a></td><td>Atendimento ao queimado</td></tr><tr><td style=\"white-space:nowrap\">5<a name=\"AreaAtuacaoCodeSystem-5\"> </a></td><td>Auditoria médica</td></tr><tr><td style=\"white-space:nowrap\">6<a name=\"AreaAtuacaoCodeSystem-6\"> </a></td><td>Cardiologia pediátrica</td></tr><tr><td style=\"white-space:nowrap\">7<a name=\"AreaAtuacaoCodeSystem-7\"> </a></td><td>Cirurgia bariátrica</td></tr><tr><td style=\"white-space:nowrap\">8<a name=\"AreaAtuacaoCodeSystem-8\"> </a></td><td>Cirurgia crânio-maxilo-facial</td></tr><tr><td style=\"white-space:nowrap\">9<a name=\"AreaAtuacaoCodeSystem-9\"> </a></td><td>Cirurgia do trauma</td></tr><tr><td style=\"white-space:nowrap\">10<a name=\"AreaAtuacaoCodeSystem-10\"> </a></td><td>Cirurgia videolaparoscópica</td></tr><tr><td style=\"white-space:nowrap\">11<a name=\"AreaAtuacaoCodeSystem-11\"> </a></td><td>Citopatologia</td></tr><tr><td style=\"white-space:nowrap\">12<a name=\"AreaAtuacaoCodeSystem-12\"> </a></td><td>Densitometria óssea</td></tr><tr><td style=\"white-space:nowrap\">13<a name=\"AreaAtuacaoCodeSystem-13\"> </a></td><td>Dor</td></tr><tr><td style=\"white-space:nowrap\">14<a name=\"AreaAtuacaoCodeSystem-14\"> </a></td><td>Ecocardiografia</td></tr><tr><td style=\"white-space:nowrap\">15<a name=\"AreaAtuacaoCodeSystem-15\"> </a></td><td>Ecografia vascular com doppler</td></tr><tr><td style=\"white-space:nowrap\">16<a name=\"AreaAtuacaoCodeSystem-16\"> </a></td><td>Eletrofisiologia clínica invasiva</td></tr><tr><td style=\"white-space:nowrap\">17<a name=\"AreaAtuacaoCodeSystem-17\"> </a></td><td>Emergência pediátrica</td></tr><tr><td style=\"white-space:nowrap\">18<a name=\"AreaAtuacaoCodeSystem-18\"> </a></td><td>Endocrinologia pediátrica</td></tr><tr><td style=\"white-space:nowrap\">19<a name=\"AreaAtuacaoCodeSystem-19\"> </a></td><td>Endoscopia digestiva</td></tr><tr><td style=\"white-space:nowrap\">20<a name=\"AreaAtuacaoCodeSystem-20\"> </a></td><td>Endoscopia ginecológica</td></tr><tr><td style=\"white-space:nowrap\">21<a name=\"AreaAtuacaoCodeSystem-21\"> </a></td><td>Endoscopia respiratória</td></tr><tr><td style=\"white-space:nowrap\">22<a name=\"AreaAtuacaoCodeSystem-22\"> </a></td><td>Ergometria</td></tr><tr><td style=\"white-space:nowrap\">23<a name=\"AreaAtuacaoCodeSystem-23\"> </a></td><td>Estimulação cardíaca eletrônica implantável</td></tr><tr><td style=\"white-space:nowrap\">24<a name=\"AreaAtuacaoCodeSystem-24\"> </a></td><td>Foniatria</td></tr><tr><td style=\"white-space:nowrap\">25<a name=\"AreaAtuacaoCodeSystem-25\"> </a></td><td>Gastroenterologia pediátrica</td></tr><tr><td style=\"white-space:nowrap\">26<a name=\"AreaAtuacaoCodeSystem-26\"> </a></td><td>Hansenologia</td></tr><tr><td style=\"white-space:nowrap\">27<a name=\"AreaAtuacaoCodeSystem-27\"> </a></td><td>Hematologia e hemoterapia pediátrica</td></tr><tr><td style=\"white-space:nowrap\">28<a name=\"AreaAtuacaoCodeSystem-28\"> </a></td><td>Hemodinâmica e cardiologia intervencionista</td></tr><tr><td style=\"white-space:nowrap\">29<a name=\"AreaAtuacaoCodeSystem-29\"> </a></td><td>Hepatologia</td></tr><tr><td style=\"white-space:nowrap\">30<a name=\"AreaAtuacaoCodeSystem-30\"> </a></td><td>Infectologia hospitalar</td></tr><tr><td style=\"white-space:nowrap\">31<a name=\"AreaAtuacaoCodeSystem-31\"> </a></td><td>Infectologia pediátrica</td></tr><tr><td style=\"white-space:nowrap\">32<a name=\"AreaAtuacaoCodeSystem-32\"> </a></td><td>Mamografia</td></tr><tr><td style=\"white-space:nowrap\">33<a name=\"AreaAtuacaoCodeSystem-33\"> </a></td><td>Medicina aeroespacial</td></tr><tr><td style=\"white-space:nowrap\">34<a name=\"AreaAtuacaoCodeSystem-34\"> </a></td><td>Medicina do adolescente</td></tr><tr><td style=\"white-space:nowrap\">35<a name=\"AreaAtuacaoCodeSystem-35\"> </a></td><td>Medicina do sono</td></tr><tr><td style=\"white-space:nowrap\">36<a name=\"AreaAtuacaoCodeSystem-36\"> </a></td><td>Medicina fetal</td></tr><tr><td style=\"white-space:nowrap\">37<a name=\"AreaAtuacaoCodeSystem-37\"> </a></td><td>Medicina intensiva pediátrica</td></tr><tr><td style=\"white-space:nowrap\">38<a name=\"AreaAtuacaoCodeSystem-38\"> </a></td><td>Medicina paliativa</td></tr><tr><td style=\"white-space:nowrap\">39<a name=\"AreaAtuacaoCodeSystem-39\"> </a></td><td>Medicina tropical</td></tr><tr><td style=\"white-space:nowrap\">40<a name=\"AreaAtuacaoCodeSystem-40\"> </a></td><td>Nefrologia pediátrica</td></tr><tr><td style=\"white-space:nowrap\">41<a name=\"AreaAtuacaoCodeSystem-41\"> </a></td><td>Neonatologia</td></tr><tr><td style=\"white-space:nowrap\">42<a name=\"AreaAtuacaoCodeSystem-42\"> </a></td><td>Neurofisiologia clínica</td></tr><tr><td style=\"white-space:nowrap\">43<a name=\"AreaAtuacaoCodeSystem-43\"> </a></td><td>Neurologia pediátrica</td></tr><tr><td style=\"white-space:nowrap\">44<a name=\"AreaAtuacaoCodeSystem-44\"> </a></td><td>Neurorradiologia</td></tr><tr><td style=\"white-space:nowrap\">45<a name=\"AreaAtuacaoCodeSystem-45\"> </a></td><td>Nutrição parenteral e enteral</td></tr><tr><td style=\"white-space:nowrap\">46<a name=\"AreaAtuacaoCodeSystem-46\"> </a></td><td>Nutrição parenteral e enteral pediátrica</td></tr><tr><td style=\"white-space:nowrap\">47<a name=\"AreaAtuacaoCodeSystem-47\"> </a></td><td>Nutrologia pediátrica</td></tr><tr><td style=\"white-space:nowrap\">48<a name=\"AreaAtuacaoCodeSystem-48\"> </a></td><td>Oncologia pediátrica</td></tr><tr><td style=\"white-space:nowrap\">49<a name=\"AreaAtuacaoCodeSystem-49\"> </a></td><td>Pneumologia pediátrica</td></tr><tr><td style=\"white-space:nowrap\">50<a name=\"AreaAtuacaoCodeSystem-50\"> </a></td><td>Psicogeriatria</td></tr><tr><td style=\"white-space:nowrap\">51<a name=\"AreaAtuacaoCodeSystem-51\"> </a></td><td>Psicoterapia</td></tr><tr><td style=\"white-space:nowrap\">52<a name=\"AreaAtuacaoCodeSystem-52\"> </a></td><td>Psiquiatria da infância e adolescência</td></tr><tr><td style=\"white-space:nowrap\">53<a name=\"AreaAtuacaoCodeSystem-53\"> </a></td><td>Psiquiatria forense</td></tr><tr><td style=\"white-space:nowrap\">54<a name=\"AreaAtuacaoCodeSystem-54\"> </a></td><td>Radiologia intervencionista e angiorradiologia</td></tr><tr><td style=\"white-space:nowrap\">55<a name=\"AreaAtuacaoCodeSystem-55\"> </a></td><td>Reprodução assistida</td></tr><tr><td style=\"white-space:nowrap\">56<a name=\"AreaAtuacaoCodeSystem-56\"> </a></td><td>Reumatologia pediátrica</td></tr><tr><td style=\"white-space:nowrap\">57<a name=\"AreaAtuacaoCodeSystem-57\"> </a></td><td>Sexologia</td></tr><tr><td style=\"white-space:nowrap\">58<a name=\"AreaAtuacaoCodeSystem-58\"> </a></td><td>Toxicologia médica</td></tr><tr><td style=\"white-space:nowrap\">59<a name=\"AreaAtuacaoCodeSystem-59\"> </a></td><td>Transplante de medula óssea</td></tr><tr><td style=\"white-space:nowrap\">60<a name=\"AreaAtuacaoCodeSystem-60\"> </a></td><td>Ultrassonografia em ginecologia e obstetrícia</td></tr><tr><td style=\"white-space:nowrap\">61<a name=\"AreaAtuacaoCodeSystem-61\"> </a></td><td>Ultrassonografia geral</td></tr></table></div>"
  },
  "url" : "http://br-ipes.com/fhir/CodeSystem/AreaAtuacaoCodeSystem",
  "version" : "1.0.0",
  "name" : "AreaAtuacao",
  "title" : "Área de Atuação",
  "status" : "draft",
  "date" : "2023-11-04T17:46:04.4163856+00:00",
  "publisher" : "CBIS Publisher",
  "contact" : [{
    "telecom" : [{
      "system" : "email"
    }]
  }],
  "description" : "Área de atuação médica (Resolução CFM n. 2.330/2023)",
  "caseSensitive" : false,
  "valueSet" : "http://br-ipes.com/fhir/StructureDefinition/ValueSet/AreaAtuacao",
  "compositional" : false,
  "versionNeeded" : false,
  "content" : "complete",
  "count" : 61,
  "concept" : [{
    "code" : "1",
    "display" : "Administração em saúde"
  },
  {
    "code" : "2",
    "display" : "Alergia e imunologia pediátrica"
  },
  {
    "code" : "3",
    "display" : "Angiorradiologia e cirurgia endovascular"
  },
  {
    "code" : "4",
    "display" : "Atendimento ao queimado"
  },
  {
    "code" : "5",
    "display" : "Auditoria médica"
  },
  {
    "code" : "6",
    "display" : "Cardiologia pediátrica"
  },
  {
    "code" : "7",
    "display" : "Cirurgia bariátrica"
  },
  {
    "code" : "8",
    "display" : "Cirurgia crânio-maxilo-facial"
  },
  {
    "code" : "9",
    "display" : "Cirurgia do trauma"
  },
  {
    "code" : "10",
    "display" : "Cirurgia videolaparoscópica"
  },
  {
    "code" : "11",
    "display" : "Citopatologia"
  },
  {
    "code" : "12",
    "display" : "Densitometria óssea"
  },
  {
    "code" : "13",
    "display" : "Dor"
  },
  {
    "code" : "14",
    "display" : "Ecocardiografia"
  },
  {
    "code" : "15",
    "display" : "Ecografia vascular com doppler"
  },
  {
    "code" : "16",
    "display" : "Eletrofisiologia clínica invasiva"
  },
  {
    "code" : "17",
    "display" : "Emergência pediátrica"
  },
  {
    "code" : "18",
    "display" : "Endocrinologia pediátrica"
  },
  {
    "code" : "19",
    "display" : "Endoscopia digestiva"
  },
  {
    "code" : "20",
    "display" : "Endoscopia ginecológica"
  },
  {
    "code" : "21",
    "display" : "Endoscopia respiratória"
  },
  {
    "code" : "22",
    "display" : "Ergometria"
  },
  {
    "code" : "23",
    "display" : "Estimulação cardíaca eletrônica implantável"
  },
  {
    "code" : "24",
    "display" : "Foniatria"
  },
  {
    "code" : "25",
    "display" : "Gastroenterologia pediátrica"
  },
  {
    "code" : "26",
    "display" : "Hansenologia"
  },
  {
    "code" : "27",
    "display" : "Hematologia e hemoterapia pediátrica"
  },
  {
    "code" : "28",
    "display" : "Hemodinâmica e cardiologia intervencionista"
  },
  {
    "code" : "29",
    "display" : "Hepatologia"
  },
  {
    "code" : "30",
    "display" : "Infectologia hospitalar"
  },
  {
    "code" : "31",
    "display" : "Infectologia pediátrica"
  },
  {
    "code" : "32",
    "display" : "Mamografia"
  },
  {
    "code" : "33",
    "display" : "Medicina aeroespacial"
  },
  {
    "code" : "34",
    "display" : "Medicina do adolescente"
  },
  {
    "code" : "35",
    "display" : "Medicina do sono"
  },
  {
    "code" : "36",
    "display" : "Medicina fetal"
  },
  {
    "code" : "37",
    "display" : "Medicina intensiva pediátrica"
  },
  {
    "code" : "38",
    "display" : "Medicina paliativa"
  },
  {
    "code" : "39",
    "display" : "Medicina tropical"
  },
  {
    "code" : "40",
    "display" : "Nefrologia pediátrica"
  },
  {
    "code" : "41",
    "display" : "Neonatologia"
  },
  {
    "code" : "42",
    "display" : "Neurofisiologia clínica"
  },
  {
    "code" : "43",
    "display" : "Neurologia pediátrica"
  },
  {
    "code" : "44",
    "display" : "Neurorradiologia"
  },
  {
    "code" : "45",
    "display" : "Nutrição parenteral e enteral"
  },
  {
    "code" : "46",
    "display" : "Nutrição parenteral e enteral pediátrica"
  },
  {
    "code" : "47",
    "display" : "Nutrologia pediátrica"
  },
  {
    "code" : "48",
    "display" : "Oncologia pediátrica"
  },
  {
    "code" : "49",
    "display" : "Pneumologia pediátrica"
  },
  {
    "code" : "50",
    "display" : "Psicogeriatria"
  },
  {
    "code" : "51",
    "display" : "Psicoterapia"
  },
  {
    "code" : "52",
    "display" : "Psiquiatria da infância e adolescência"
  },
  {
    "code" : "53",
    "display" : "Psiquiatria forense"
  },
  {
    "code" : "54",
    "display" : "Radiologia intervencionista e angiorradiologia"
  },
  {
    "code" : "55",
    "display" : "Reprodução assistida"
  },
  {
    "code" : "56",
    "display" : "Reumatologia pediátrica"
  },
  {
    "code" : "57",
    "display" : "Sexologia"
  },
  {
    "code" : "58",
    "display" : "Toxicologia médica"
  },
  {
    "code" : "59",
    "display" : "Transplante de medula óssea"
  },
  {
    "code" : "60",
    "display" : "Ultrassonografia em ginecologia e obstetrícia"
  },
  {
    "code" : "61",
    "display" : "Ultrassonografia geral"
  }]
}