{
  "resourceType" : "ValueSet",
  "id" : "NivelFederacaoValueSet",
  "text" : {
    "status" : "generated",
    "div" : "<div xmlns=\"http://www.w3.org/1999/xhtml\"><p class=\"res-header-id\"><b>Generated Narrative: ValueSet NivelFederacaoValueSet</b></p><a name=\"NivelFederacaoValueSet\"> </a><a name=\"hcNivelFederacaoValueSet\"> </a><a name=\"NivelFederacaoValueSet-en-US\"> </a><ul><li>Include all codes defined in <a href=\"CodeSystem-NivelFederacaoCodeSystem.html\"><code>http://ehrruner.com/fhir/StructureDefinition/CodeSystem/NivelFederacao</code></a></li></ul></div>"
  },
  "url" : "http://ehrruner.com/fhir/StructureDefinition/ValueSet/NivelFederacao",
  "version" : "1.0.0",
  "name" : "NivelFederacao",
  "title" : "Nível da Federacao",
  "status" : "draft",
  "date" : "2023-11-04T17:46:04.4163856+00:00",
  "publisher" : "CBIS Publisher",
  "contact" : [{
    "telecom" : [{
      "system" : "email"
    }]
  }],
  "description" : "Tipo de federação suportada para um PractitionerRole",
  "compose" : {
    "include" : [{
      "system" : "http://ehrruner.com/fhir/StructureDefinition/CodeSystem/NivelFederacao"
    }]
  }
}