{
  "resourceType" : "ValueSet",
  "id" : "BRTipoDocumentoIndividuoValueSetV1.0",
  "language" : "pt-BR",
  "text" : {
    "status" : "extensions",
    "div" : "<div xmlns=\"http://www.w3.org/1999/xhtml\" xml:lang=\"pt-BR\" lang=\"pt-BR\"><p class=\"res-header-id\"><b>Generated Narrative: ValueSet BRTipoDocumentoIndividuoValueSetV1.0</b></p><a name=\"BRTipoDocumentoIndividuoValueSetV1.0\"> </a><a name=\"hcBRTipoDocumentoIndividuoValueSetV1.0\"> </a><a name=\"BRTipoDocumentoIndividuoValueSetV1.0-en-US\"> </a><div style=\"display: inline-block; background-color: #d9e0e7; padding: 6px; margin: 4px; border: 1px solid #8da1b4; border-radius: 5px; line-height: 60%\"><p style=\"margin-bottom: 0px\">Language: pt-BR</p></div><p>This value set includes codes based on the following rules:</p><ul><li>Include these codes as defined in <a href=\"http://terminology.hl7.org/6.0.2/CodeSystem-v2-0203.html\"><code>http://terminology.hl7.org/CodeSystem/v2-0203</code></a><table class=\"none\"><tr><td style=\"white-space:nowrap\"><b>Code</b></td><td><b>Display</b></td><td><b>Definition</b></td></tr><tr><td><a href=\"http://terminology.hl7.org/6.0.2/CodeSystem-v2-0203.html#v2-0203-HC\">HC</a></td><td>Número do Cartão Nacional de Saúde (CNS)</td><td>Health Card Number</td></tr><tr><td><a href=\"http://terminology.hl7.org/6.0.2/CodeSystem-v2-0203.html#v2-0203-RRI\">RRI</a></td><td>Número do Registro Geral (RG)</td><td>Regional registry ID</td></tr><tr><td><a href=\"http://terminology.hl7.org/6.0.2/CodeSystem-v2-0203.html#v2-0203-MCT\">MCT</a></td><td>Número da Certidão de Casamento</td><td>A number associated with a document identifying the event of a person's marriage.</td></tr><tr><td><a href=\"http://terminology.hl7.org/6.0.2/CodeSystem-v2-0203.html#v2-0203-PPN\">PPN</a></td><td>Número do Passaporte</td><td>A unique number assigned to the document affirming that a person is a citizen of the country.</td></tr><tr><td><a href=\"http://terminology.hl7.org/6.0.2/CodeSystem-v2-0203.html#v2-0203-RN\">RN</a></td><td>Número de inscrição no Conselho Regional de Enfermagem (COREn)</td><td>An identifier that is unique to a registered nurse within the jurisdiction of the licensing board.</td></tr><tr><td><a href=\"http://terminology.hl7.org/6.0.2/CodeSystem-v2-0203.html#v2-0203-SS\">SS</a></td><td>Número de Identificação Social (NIS/PIS/PASEP)</td><td>Social Security number</td></tr><tr><td><a href=\"http://terminology.hl7.org/6.0.2/CodeSystem-v2-0203.html#v2-0203-DL\">DL</a></td><td>Número da Carteira Nacional de Habilitação (CNH)</td><td>Driver's license number</td></tr><tr><td><a href=\"http://terminology.hl7.org/6.0.2/CodeSystem-v2-0203.html#v2-0203-BCT\">BCT</a></td><td>Número do Documento de Nascido Vivo (DN/DNV)</td><td>A number associated with a document identifying the event of a person's birth</td></tr><tr><td><a href=\"http://terminology.hl7.org/6.0.2/CodeSystem-v2-0203.html#v2-0203-BR\">BR</a></td><td>Número da Certidão de Nascimento</td><td>An identifier unique within the Assigning Authority that is the official legal record of a person's birth.</td></tr><tr><td><a href=\"http://terminology.hl7.org/6.0.2/CodeSystem-v2-0203.html#v2-0203-IND\">IND</a></td><td>Número da Certidão de Índio</td><td>A number assigned to a member of an indigenous or aboriginal group outside of Canada.</td></tr><tr><td><a href=\"http://terminology.hl7.org/6.0.2/CodeSystem-v2-0203.html#v2-0203-MI\">MI</a></td><td>Número do Certificado de Reservista</td><td>A number assigned to an individual who has had military duty, but is not currently on active duty. The number is assigned by the DOD or Veterans' Affairs (VA).</td></tr><tr><td><a href=\"http://terminology.hl7.org/6.0.2/CodeSystem-v2-0203.html#v2-0203-MD\">MD</a></td><td>Número de inscrição no Conselho Regional de Medicina (CRM)</td><td>An identifier that is unique to a medical doctor within the jurisdiction of a licensing board.</td></tr><tr><td><a href=\"http://terminology.hl7.org/6.0.2/CodeSystem-v2-0203.html#v2-0203-DDS\">DDS</a></td><td>Número de inscrição no Conselho Regional Odontologia (CRO)</td><td>An identifier that is unique to a dentist within the jurisdiction of the licensing board</td></tr><tr><td><a href=\"http://terminology.hl7.org/6.0.2/CodeSystem-v2-0203.html#v2-0203-TAX\">TAX</a></td><td>Número de inscrição no Cadastro de Pessoas Físicas (CPF)</td><td>Tax ID number</td></tr></table></li><li>Include all codes defined in <code>http://www.saude.gov.br/fhir/r4/CodeSystem/BRTipoIdentificador</code></li></ul><p>This value set excludes codes based on the following rules:</p><ul><li>Exclude these codes as defined in <code>http://www.saude.gov.br/fhir/r4/CodeSystem/BRTipoIdentificador</code><table class=\"none\"><tr><td style=\"white-space:nowrap\"><b>Code</b></td><td><b>Display</b></td></tr><tr><td>AUTH</td><td/></tr></table></li></ul></div>"
  },
  "url" : "http://br-ipes.com/fhir/ValueSet/BRTipoDocumentoIndividuoValueSetV1.0",
  "version" : "1.0.0",
  "name" : "BRTipoDocumentoIndividuo",
  "title" : "Tipo de Documento do Indivíduo",
  "status" : "active",
  "experimental" : false,
  "date" : "2020-03-12T13:27:32.6850777+00:00",
  "publisher" : "CBIS Publisher",
  "description" : "Classifica o tipo de documento que está sendo utilizado para identificar o indivíduo.",
  "immutable" : false,
  "compose" : {
    "include" : [{
      "system" : "http://terminology.hl7.org/CodeSystem/v2-0203",
      "concept" : [{
        "code" : "HC",
        "display" : "Número do Cartão Nacional de Saúde (CNS)"
      },
      {
        "code" : "RRI",
        "display" : "Número do Registro Geral (RG)"
      },
      {
        "code" : "MCT",
        "display" : "Número da Certidão de Casamento"
      },
      {
        "code" : "PPN",
        "display" : "Número do Passaporte"
      },
      {
        "code" : "RN",
        "display" : "Número de inscrição no Conselho Regional de Enfermagem (COREn)"
      },
      {
        "code" : "SS",
        "display" : "Número de Identificação Social (NIS/PIS/PASEP)"
      },
      {
        "code" : "DL",
        "display" : "Número da Carteira Nacional de Habilitação (CNH)"
      },
      {
        "code" : "BCT",
        "display" : "Número do Documento de Nascido Vivo (DN/DNV)"
      },
      {
        "code" : "BR",
        "display" : "Número da Certidão de Nascimento"
      },
      {
        "code" : "IND",
        "display" : "Número da Certidão de Índio"
      },
      {
        "code" : "MI",
        "display" : "Número do Certificado de Reservista"
      },
      {
        "code" : "MD",
        "display" : "Número de inscrição no Conselho Regional de Medicina (CRM)"
      },
      {
        "code" : "DDS",
        "display" : "Número de inscrição no Conselho Regional Odontologia (CRO)"
      },
      {
        "code" : "TAX",
        "display" : "Número de inscrição no Cadastro de Pessoas Físicas (CPF)"
      }]
    },
    {
      "system" : "http://www.saude.gov.br/fhir/r4/CodeSystem/BRTipoIdentificador",
      "version" : "*"
    }],
    "exclude" : [{
      "system" : "http://www.saude.gov.br/fhir/r4/CodeSystem/BRTipoIdentificador",
      "concept" : [{
        "code" : "AUTH"
      }]
    }]
  }
}